corpus,file,line,office,section,lesson_span,lesson_count,author,work,source,author_line,incipit
Commune,Commune/C1.txt,198,Commune Apostolorum,Lectio4,Lectio4,1,Gregorius Magnus,Homiliae in Evangelia,"Homilia 30 in Evangelia, post medium",Sermo sancti Gregórii Papæ,"Scriptum est: Spíritus Dómini ornávit cælos. Ornaménta enim cælórum sunt virtútes prædicántium. Quæ vidélicet ornaménta Paulus enúmerat, dicens: Álii datur per Spíritum sermo sapié"
Commune,Commune/C1.txt,233,Commune Apostolorum,Lectio7,Lectio7-9,3,Hieronymus Stridonensis,Commentarii in Matthaeum,Lib. 3. in Matth. cap. 19.,Homilía sancti Hierónymi Presbýteri.,"Grandis fidúcia! Petrus piscátor erat, dives non fúerat, cibos manu et arte quærébat: et tamen lóquitur confidénter: Relíquimus ómnia. Et quia non súfficit tantum relínquere, jungi"
Commune,Commune/C1.txt,334,Commune Apostolorum,Lectio4 in 2 loco,Lectio4-5,2,Augustinus Hipponensis,Ante medium,Ante medium,De Expositióne sancti Augustíni Epíscopi super psalmum octogésimum sextum,Fundaménta ejus in móntibus sanctis: díligit Dóminus portas Sion. Quare sunt fundaménta Apóstoli et Prophétæ? Quia eórum auctóritas portat infirmitátem nostram. Quare sunt portæ? Q
Commune,Commune/C1.txt,349,Commune Apostolorum,Lectio7 in 2 loco,Lectio7-9,3,Beda Venerabilis,Homilia in Natali S. Benedicti Ep.,Homilia in Natali S. Benedicti Ep.,Homilía sancti Bedæ Venerábilis Presbýteri,"Perféctus ille est, qui ábiens vendit ómnia quæ habet, et dat paupéribus, ac véniens séquitur Christum; habébit enim thesáurum non deficiéntem in cælis. Unde bene, interrogánte Pet"
Commune,Commune/C10.txt,123,Sanctæ Mariæ Sabbato,Lectio M01,Lectio M01,1,Ambrosius Mediolanensis,"Epist. 81, alias 7, post initium","Epist. 81, alias 7, post initium",Ex Epístola sancti Ambrósii Epíscopi ad Sirícium Papam,"De via perversitátis prodúntur dícere: Virgo concépit, sed non virgo generávit. Pótuit ergo virgo concípere, non pótuit virgo generáre, cum semper concéptus præcédat, partus sequát"
Commune,Commune/C10.txt,129,Sanctæ Mariæ Sabbato,Lectio M02,Lectio M02,1,Hieronymus Stridonensis,"Apologia ad Pammachium pro lib. adversus Jovinianum, in fine","Apologia ad Pammachium pro lib. adversus Jovinianum, in fine",Ex libro sancti Hierónymi Presbýteri advérsus Joviniánum,"Christus virgo, Mater vírginis nostri virgo perpétua, mater et virgo. Jesus enim clausis ingréssus est óstiis; et in sepúlcro ejus, quod novum et in petra duríssima fúerat excísum,"
Commune,Commune/C10.txt,135,Sanctæ Mariæ Sabbato,Lectio M03,Lectio M03,1,Irenaeus Lugdunensis,"Lib. 5, c. 19","Lib. 5, c. 19",Ex libro sancti Irenǽi Epíscopi et Mártyris advérsus hǽreses,"In sua própria veniénte Dómino et sua própria eum bajulánte conditióne, quæ bajulátur ab ipso, et recapitulatiónem ejus quæ in ligno fuit inobediéntiæ, per eam quæ in ligno est obe"
Commune,Commune/C10.txt,141,Sanctæ Mariæ Sabbato,Lectio M04,Lectio M04,1,Hieronymus Stridonensis,Lib. 13 in cap. 44,Lib. 13 in cap. 44,De Expositióne sancti Hierónymi Presbýteri in Ezechiélem Prophétam,"Porta hæc clausa erit, et non aperiétur. Pulchre quidam portam clausam, per quam solus Dóminus Deus Israël ingréditur, et dux cui porta clausa est, Maríam Vírginem intéllegunt, quæ"
Commune,Commune/C10.txt,147,Sanctæ Mariæ Sabbato,Lectio M05,Lectio M05,1,Unklarer Autor,Lib. 3 cap. 4 in fine,Lib. 3 cap. 4 in fine,,"Per féminam mors, per féminam vita: per Hevam intéritus, per Maríam salus. Illa, corrúpta, secúta est seductórem: hæc, íntegra, péperit Salvatórem. Illa póculum a serpénte propinát"
Commune,Commune/C10.txt,153,Sanctæ Mariæ Sabbato,Lectio M06,Lectio M06,1,Bernardus Claraevallensis,Sermones,"De Verbis Apocalypsis cap. 12, Signum magnum",Sermo sancti Bernárdi Abbátis,"Veheménter quidem nobis, dilectíssimi, vir unus et múlier una nocuére; sed, grátias Deo, per unum nihilóminus virum et mulíerum unam ómnia restaurántur, nec sine magno fǽnore grati"
Commune,Commune/C10.txt,159,Sanctæ Mariæ Sabbato,Lectio M07,Lectio M07,1,Ambrosius Mediolanensis,"Epist. 81, alias 7, circa medium","Epist. 81, alias 7, circa medium",Ex Epístola sancti Ambrósii Epíscopi ad Sirícium Papam,"Non excédit fidem, quod homo exívit de vírgine, quando petra fontem prófluum scaturívit, ferrum super aquas natávit, ambulávit homo super aquas. Ergo si hóminem unda portávit, non "
Commune,Commune/C10.txt,165,Sanctæ Mariæ Sabbato,Lectio M08,Lectio M08,1,Gregorius Magnus,In 1 Reg. 1,In 1 Reg. 1,De Expositióne sancti Gregórii Papæ in libros Regum,"Fuit vir unus de Ramáthaim Sophim, de monte Ephraim. Potest, hujus montis nómine, beatíssima semper Virgo María, Dei Génetrix, designári. Mons quippe fuit, quæ omnem eléctæ creatúr"
Commune,Commune/C10.txt,171,Sanctæ Mariæ Sabbato,Lectio M09,Lectio M09,1,Augustinus Hipponensis,"Epist. 13, ante medium","Epist. 13, ante medium",Ex Epístola sancti Leónis Papæ ad Pulchériam Augústam,"Sacraméntum reconcilatiónis nostræ, ante témpora ætérna dispósitum, nullæ implébant figúræ; quia nondum supervénerat Spíritus Sanctus in Vírginem nec virtus Altíssimi obumbráverat "
Commune,Commune/C10.txt,177,Sanctæ Mariæ Sabbato,Lectio M10,Lectio M10,1,Bernardus Claraevallensis,Sermones,"Serm. in cap. 12 Apoc., ante med.",Sermo sancti Bernárdi Abbátis,"Amplectámur Maríæ vestígia, fratres mei, et devotíssima supplicatióne beátis illíus pédibus provolvámur. Teneámus eam nec dimittámus, donec benedíxerit nobis; potens est enim. Nemp"
Commune,Commune/C10.txt,183,Sanctæ Mariæ Sabbato,Lectio M101,Lectio M101,1,Bernardus Claraevallensis,Sermones,In Dom. infra Oct. Assumpt. B. Mariæ Virg.,Sermo sancti Bernárdi Abbátis,"Quid ergo sidéreum micat in generatióne Maríæ? Plane quod ex régibus orta, quod ex sémine Abrahæ, quod generósa ex stripe Davi. Si id parum vidétur, adde quod generatióni illi ob s"
Commune,Commune/C10.txt,189,Sanctæ Mariæ Sabbato,Lectio M11,Lectio M11,1,Unklarer Autor,In cap. 8 post initium,In cap. 8 post initium,,"Accéssi, inquit, ad prophetíssam, et in útero accépit et péperit fílium. Quod María prophetíssa fúerit, ad quam próxime accéssit Isaías per prænotiónem spíritus, nemo contradíxerit"
Commune,Commune/C10.txt,195,Sanctæ Mariæ Sabbato,Lectio M12,Lectio M12,1,Ambrosius Mediolanensis,"Lib. 1, cap. 18","Lib. 1, cap. 18",Ex libro Officiórum S. Ambrósii Epíscopi,"Bonus regéndæ castitátis pudor est comes, qui primus, in ipso cognitiónis ingréssu, Dómini Matrem comméndat legéntibus, et tamquam testis lócuples dignam quæ ad tale munus eligerét"
Commune,Commune/C11.txt,188,In Festis Beatae Mariae Virginis,Lectio4,Lectio4-5,2,Ioannes Chrysostomus,Sermones,Apud Metaphrasten,Sermo sancti Joánnis Chrysóstomi,"Dei Fílius non dívitem aut locuplétem áliquam féminam sibi matrem elégit, sed beátam Vírginem illam, cujus ánima virtútibus ornáta erat. Cum enim beáta María supra omnem humánam na"
Commune,Commune/C11.txt,223,In Festis Beatae Mariae Virginis,Lectio7,Lectio7,1,Beda Venerabilis,Expositio in Lucam / homiliae de tempore,Lib 4. cap. 49. in Luc. 11.,Homilía sancti Bedæ Venerábilis Presbýteri,"Magnæ devotiónis et fídei hæc múlier osténditur, quæ, scribis et pharisǽis Dóminum tentántibus simul et blasphemántibus, tanta ejus incarnatiónem præ ómnibus sinceritáte cognóscit,"
Commune,Commune/C1a.txt,30,Commune Evangelistarum,Lectio4,Lectio4-6,3,Gregorius Magnus,Homiliae,"Homilia 3, Lib. 1",De Expositióne sancti Gregórii Papæ super Ezechiélem Prophétam,"Sancta quátuor animália, quæ prophetíæ spíritu futúra prævidéntur, subtíli narratióne describúntur, cum dícitur: Quátuor fácies uni, et quátuor pennæ uni. Quid per fáciem, nisi not"
Commune,Commune/C1a.txt,45,Commune Evangelistarum,Lectio7,Lectio7-9,3,Gregorius Magnus,Homiliae in Evangelia,Homilia 17 in Evangelia,Homilía sancti Gregórii Papæ,"Dóminus et Salvátor noster, fratres caríssimi, aliquándo nos sermónibus, aliquándo vero opéribus ádmonet. Ipsa étenim facta ejus præcépta sunt: quia dum áliquid tácitus facit, quid"
Commune,Commune/C1v.txt,36,Vigilia Apostolorum,Lectio1,Lectio1-3,3,Gregorius Magnus,Homiliae in Evangelia,Homilia 27. in Evangelia.,Homilía S. Gregórii Papæ.,"Cum cuncta sacra elóquia Domínicis plena sint præcéptis quid est quod de dilectióne, quasi de singulári mandáto, Dóminus dicit, Hoc est præcéptum meum, ut diligátis ínvicem: nisi q"
Commune,Commune/C2.txt,143,Commune Unius Martyris Pontificis,Lectio4,Lectio4,1,Augustinus Hipponensis,Sermones,Sermo 44 de Sanctis,Sermo sancti Augustíni Epíscopi,"Triumphális beáti Mártyris N. dies hódie nobis anniversária celebritáte recúrrit: cujus glorificatióni sicut congáudet Ecclésia, sic ejus propónit sequénda vestígia. Si enim compát"
Commune,Commune/C2.txt,178,Commune Unius Martyris Pontificis,Lectio7,Lectio7-9,3,Gregorius Magnus,Homiliae in Evangelia,Homil. 37 in Evangelia,Homilía sancti Gregórii Papæ,"Si considerémus fratres caríssimi, quæ et quanta sunt, quæ nobis promittúntur in cælis, viléscunt ánimo ómnia quæ habéntur in terris. Terréna namque substántia supérnæ felicitáti c"
Commune,Commune/C2.txt,299,Commune Unius Martyris Pontificis,Lectio4 in 2 loco,Lectio4,1,Ambrosius Mediolanensis,Sermones,"Sermo 21, n. 7 et 8",De Expositióne sancti Ambrósii Epíscopi in Psalmum centésimum décimum octávum,"Príncipes persecúti sunt me gratis: et a verbis tuis trepidávit cor meum. Bene hoc Martyr dicit, quod injúste persecutiónum torménta sustineat; qui nihil rapúerit, nullum violentus"
Commune,Commune/C2.txt,314,Commune Unius Martyris Pontificis,Lectio7 in 2 loco,Lectio7-9,3,Gregorius Magnus,Homiliae,Homilia 32 in Evang.,Homilía sancti Gregórii Papæ,"Quia Dóminus ac Redémptor noster novus homo venit in mundum, nova præcépta dedit mundo. Vitæ étenim nostræ véteri in vítiis enutrítæ contrarietátem oppósuit novitátis suæ. Quid eni"
Commune,Commune/C2.txt,339,Commune Unius Martyris Pontificis,Lectio7 in 4 loco,Lectio7-9,3,Hilarius Pictaviensis,"Comment. in Matthaeum, can. 10 post medium","Comment. in Matthaeum, can. 10 post medium",Homilía sancti Hilárii Epíscopi,"Dóminus diem judícii osténdit, quæ abstrúsam voluntátis nostræ consciéntiam prodet: et ea quæ nunc occúlta existimántur, luce cognitiónis públicæ déteget. Ígitur non minas, non con"
Commune,Commune/C2p.txt,52,Commune unius Martyris Tempore Paschali,Lectio4,Lectio4-5,2,Ambrosius Mediolanensis,Sermones,Serm. 22,Sermo sancti Ambrosii Episcopi,"Dignum et cóngruum est, fratres, ut post lætítiam Paschæ, quam in Ecclésia celebrávimus, gáudia nostra cum sanctis Martýribus conferámus: et iis annuntiémus Domínicæ resurrectiónis"
Commune,Commune/C2p.txt,81,Commune unius Martyris Tempore Paschali,Lectio7,Lectio7-9,3,Augustinus Hipponensis,Tractatus in Iohannis Evangelium,Tract. 80 in Joannem,Homilía sancti Augustíni Epíscopi,"Iste locus evangélicus, fratres, ubi se dicit Dóminus vitem, et discípulos suos pálmites, secúndum hoc dicit, quod est caput Ecclésiæ, nosque membra ejus, mediátor Dei et hóminum, "
Commune,Commune/C2p.txt,105,Commune unius Martyris Tempore Paschali,Lectio4 in 2 loco,Lectio4-5,2,Cyprianus Carthaginiensis,Lib. 2. Epist. 6.,Lib. 2. Epist. 6.,De Epístola sancti Cypriáni Epíscopi et Mártyris ad Mártyres et Confessóres.,"Quibus ego vos láudibus prǽdicem, fortíssimi Mártyres? robur péctoris vestri, et perseverántiam fídei, quo præcónio vocis exórnem? Tolerástis usque ad consummatiónem glóriæ duríssi"
Commune,Commune/C2p.txt,120,Commune unius Martyris Tempore Paschali,Lectio7 in 2 loco,Lectio7-9,3,Augustinus Hipponensis,"Tract. 81 in Joan., sub med.","Tract. 81 in Joan., sub med.",Homilía sancti Augustíni Epíscopi,"Ne quisquam putáret saltem parvum áliquem fructum posse a semetípso pálmitem ferre: cum dixísset, Hic fert fructum multum; non ait, Quia sine me parum potéstis fácere; sed, Nihil p"
Commune,Commune/C3.txt,199,Commune Plurimorum Martyrum Pontificum,Lectio4,Lectio4,1,Augustinus Hipponensis,Sermones,Serm. 47. de Sanctis.,Sermo sancti Augustíni Epíscopi,"Quotiescúmque fratres caríssimi, sanctórum Mártyrum solémnia celebrámus, ita, ipsis intercedéntibus, exspectémus a Dómino cónsequi temporália benefícia, ut ipsos Mártyres imitándo "
Commune,Commune/C3.txt,234,Commune Plurimorum Martyrum Pontificum,Lectio7,Lectio7-9,3,Gregorius Magnus,Homiliae in Evangelia,Homilia 35 in Evangel.,Homilía sancti Gregórii Papæ,"Dóminus ac Redémptor noster peritúri mundi præcurréntia mala denúntiat, ut eo minus pertúrbent veniéntia, quo fúerint præscíta. Minus enim jácula fériunt, quæ prævidéntur: et nos t"
Commune,Commune/C3.txt,358,Commune Plurimorum Martyrum Pontificum,Lectio4 in 2 loco,Lectio4-5,2,Ioannes Chrysostomus,Sermones,"Sermo 1 de Martyribus, tom. 3.",Sermo sancti Joánnis Chrysóstomi,"Nemo est, qui nésciat, Mártyrum glórias ad hoc divíno consílio a Dei pópulis frequentári, ut et illis débitus honor dicétur, et nobis virtútis exémpla, favénte Christo, monstréntur"
Commune,Commune/C3.txt,373,Commune Plurimorum Martyrum Pontificum,Lectio7 in 2 loco,Lectio7,1,Ambrosius Mediolanensis,Expositio evangelii secundum Lucam,"Lib. 5. in Lucam. Cap. 6., post init.",Homilía sancti Ambrósii Epíscopi,"Advérte ómnia diligénter, quómodo et cum Apóstolis ascéndat et descéndat ad turbas. Quómodo enim turba nisi in húmili Christum vidéret? Non séquitur ad excélsa, non ascéndit ad sub"
Commune,Commune/C4.txt,178,Commune unius Confessoris Pontificis,Lectio4,Lectio4-5,2,Maximus Taurinensis,Sermones,"Homilia 78, quæ est 2 de S. Eusebio Vercellensi",Sermo sancti Maxími Epíscopi,"Ad sancti ac beatíssimi Patris nostri N., cujus hódie festa celebrámus, laudes addidísse áliquid, decerpsísse est; síquidem virtútem ejus grátia, non sermónibus exponénda est, sed "
Commune,Commune/C4.txt,213,Commune unius Confessoris Pontificis,Lectio7,Lectio7-9,3,Gregorius Magnus,Homiliae in Evangelia,Homilia 9 in Evangelia,Homilía sancti Gregórii Papæ,"Léctio sancti Evangélii, fratres caríssimi, solícite consideráre nos ádmonet, ne nos, qui plus céteris in hoc mundo accepísse áliquid cérnimur, ab Auctóre mundi grávius inde judicé"
Commune,Commune/C4.txt,355,Commune unius Confessoris Pontificis,Lectio4 in 2 loco,Lectio4-6,3,Maximus Taurinensis,Sermones,"Homilía 78, de S. Eusebio 2, circa medio",Sermo sancti Maxími Epíscopi,"Beáti Patris N. mérita, jam in tuto pósita, secúri magnificémus; qui, gubernáculum fídei viríliter tenens, ánchoram spei tranquílla jam in statióne compósuit, et plenam cæléstibus "
Commune,Commune/C4.txt,370,Commune unius Confessoris Pontificis,Lectio7 in 2 loco,Lectio7,1,Hilarius Pictaviensis,Comment. in Matth. Can 26,Comment. in Matth. Can 26,Homilía sancti Hilárii Epíscopi,"Ut ignorántiam illam diéi ómnibus táciti, non sine útilis siléntii ratióne esse scirémus, vigiláre nos Dóminus propter advéntum furis admónuit, et oratiónum assiduitáte deténtos óm"
Commune,Commune/C4.txt,374,Commune unius Confessoris Pontificis,Lectio8 in 2 loco,Lectio8,1,Unklarer Autor,Can 27,Can 27,,"Quisnam est fidélis servus et prudens, quem constítuit Dóminus super famíliam suam? Quamquam in commúne nos ad indeféssam vigilántiæ curam adhortétur: speciálem tamen pópuli princí"
Commune,Commune/C4.txt,386,Commune unius Confessoris Pontificis,Lectio7 in 4 loco,Lectio7-9,3,Beda Venerabilis,In Natali S. Benedicti,In Natali S. Benedicti,De Homilía venerábilis Bedæ Presbýteri,"Duo sunt órdines electórum in judício futúri: unus judicántium cum Dómino, de quibus hoc loco mémorat, qui reliquérunt ómnia, et secúti sunt illum: alius judicandórum a Dómino, qui"
Commune,Commune/C4a.txt,51,Commune Doctoris Pontificis,Lectio4,Lectio4,1,Gregorius Magnus,"Lib. 9. cap. 11., n. 45","Lib. 9. cap. 11., n. 45",Ex libro Morálium sancti Gregórii Papæ,"Qui, post Oríonas, Hýadum nómine, nisi Doctóres sanctæ Ecclésiæ designántur? Qui, subdúctis Martýribus, eo jam témpore ad mundi notítiam venérunt, quo fides clárius elúcet, et, rep"
Commune,Commune/C4a.txt,66,Commune Doctoris Pontificis,Lectio7,Lectio7-9,3,Augustinus Hipponensis,Sermones,"Lib. 1 de Sermone Domini in monte, cap. 6",Homilía sancti Augustíni Epíscopi,"Osténdit Dóminus fátuos esse judicándos, qui temporálium bonórum vel cópiam sectántes vel inópiam metuéntes, amíttunt ætérna, quæ nec dari possunt ab homínibus nec auférri. Itaque,"
Commune,Commune/C4a.txt,93,Commune Doctoris Pontificis,Lectio7 in 2 loco,Lectio7,1,Hilarius Pictaviensis,"Comm. in Matthæum, cap. 4, n. 10","Comm. in Matthæum, cap. 4, n. 10",Homilía sancti Hilárii Epíscopi,"Vos estis sal terræ: Quod si sal infatuátum fúerit, ad níhilum valet id quod saliétur. Sal, ut árbitror, terræ nullum est. Quómodo ergo Apóstolos sal terræ nuncupávit? Sed propríet"
Commune,Commune/C4a.txt,109,Commune Doctoris Pontificis,Lectio7 in 3 loco,Lectio7-9,3,Ioannes Chrysostomus,Homiliae in Matthaeum,"Homilia 15 in Matthæum, sub medium",Homilía sancti Joánnis Chrysóstomi,"Atténdite quid díxerit, Vos estis sal terræ: per quod osténdit quam necessário ista præcípiat. Non enim de vestra, inquit, tantúmmodo vita, sed de univérso orbe vobis ratio reddénd"
Commune,Commune/C5.txt,80,Commune Confessoris non pontificis,Lectio4,Lectio4-5,2,Ioannes Chrysostomus,Sermones,In Orat. de S. Philogonio,Sermo sancti Joánnis Chrysóstomi,"Beáti N. dies, cujus festivitátem celebrámus, ad ipsíus recte factórum enarrationem línguam nostram evocavit. Síquidem hódie beátus iste ad tranquillam, omnísque perturbationis exp"
Commune,Commune/C5.txt,115,Commune Confessoris non pontificis,Lectio7,Lectio7-9,3,Gregorius Magnus,Homiliae,Homilia 13 in Evang.,Homilía sancti Gregórii Papæ,"Sancti Evangélii, fratres caríssimi, apérta vobis est léctio recitata. Sed ne alíquibus ipsa ejus planíties alta fortásse videátur, eam sub brevitáte transcúrrimus, quátenus ejus e"
Commune,Commune/C5.txt,296,Commune Confessoris non pontificis,Lectio4 in 2 loco,Lectio4-5,2,Gregorius Magnus,Moralia in Iob,Lib. 10. cap. 16. in cap. 12. Job.,Ex libro Moralium sancti Gregorii Papæ.,"Deridétur justi simplícitas. Hujus mundi sapiéntia est, cor machinatiónibus tégere, sensum verbis veláre: quæ falsa sunt, vera osténdere; quæ vera sunt, falsa demonstráre. Hæc nimí"
Commune,Commune/C5.txt,303,Commune Confessoris non pontificis,Lectio6 in 2 loco,Lectio6,1,Unklarer Autor,Cap. 17 post init.,Cap. 17 post init.,,"Lampas contémpta apud cogitatiónes dívitum. Sæpe contíngit, ut eléctus quisque, qui ad ætérnam felicitátem dúcitur, contínua hic adversitáte deprimátur; non hunc rerum abundántia f"
Commune,Commune/C5.txt,312,Commune Confessoris non pontificis,Lectio7 in 2 loco,Lectio7-9,3,Beda Venerabilis,Expositio in Lucam / homiliae de tempore,"Lib. 4, Cap. 54, in Luc. 12",Homilía sancti Bedæ Venerábilis Presbýteri,"Pusíllum gregem electórum, vel ob comparatiónem majóris númeri reprobórum, vel pótius ob humilitátis devotiónem nóminat: quia vidélicet Ecclésiam suam quantálibet numerositáte jam "
Commune,Commune/C5.txt,328,Commune Confessoris non pontificis,Lectio7 in 3 loco,Lectio7-8,2,Ambrosius Mediolanensis,Expositio evangelii secundum Lucam,Lib. 8. in Lucam.,Homilía sancti Ambrósii Epíscopi,"Bonus ordo, ut vocatúrus gentes, et Judǽos jussúrus intérfici, qui noluérunt regnáre supra se Christum, hanc præmítteret comparatiónem, ne dicerétur: Nihil déderat pópulo Judæórum,"
Commune,Commune/C6.txt,183,Commune Unius Virginis et Martyris,Lectio4,Lectio4-6,3,Ambrosius Mediolanensis,Sermones,"Lib. 1 de Virg., circa init.",Sermo sancti Ambrósii Epíscopi,"Quóniam hódie natális est Vírginis, invítat nunc integritátis amor, ut áliquid de virginitáte dicámus; ne, véluti tránsitu quodam præstrícta videátur, quæ principális est virtus. N"
Commune,Commune/C6.txt,218,Commune Unius Virginis et Martyris,Lectio7,Lectio7,1,Gregorius Magnus,Homiliae in Evangelia,Homilía 12 in Evangelia,Homilía sancti Gregórii Papæ,"Sæpe vos, fratres caríssimi, admóneo prava ópera fúgere, mundi hujus inquinaménta devitáre, sed hodiérna sancti Evangélii lectióne compéllor dícere, ut, et bona, quæ ágitis, cum ma"
Commune,Commune/C6.txt,347,Commune Unius Virginis et Martyris,Lectio4 in 2 loco,Lectio4-6,3,Cyprianus Carthaginiensis,Lib. de hab. Virg. n. 3-5,Lib. de hab. Virg. n. 3-5,"Ex libro S. Cypriáni, Epíscopi et Mártyris, de disciplína et hábitu Vírginum","Nunc nobis ad vírgines sermo est, quarum quo sublímior glória est, major et cura est. Flos est ille ecclesiástici gérminis, decus atque ornaméntum grátiæ spiritális, læta índoles, "
Commune,Commune/C6.txt,371,Commune Unius Virginis et Martyris,Lectio7 in 3 loco,Lectio7-9,3,Ioannes Chrysostomus,Homiliae in Matthaeum,"Homilia 63 in Matth., sub med.",Homilía S. Joánnis Chrysostomi,"Dóminus noster, quia ad virginitátem hortári grave esse videbátur, a necessitáte legis de non solvéndo matrimónio, eos ad cupiditátem illíus tráhere studet. Deínde, ut eam esse pos"
Commune,Commune/C7.txt,80,Commune Unius non Virginis Martyris,Lectio4,Lectio4-6,3,Ambrosius Mediolanensis,Prope finem,Prope finem,Ex Libro Sancti Ambrósii Epíscopi de Víduis,"Agrum hunc Ecclésiæ fértilem cerno, nunc integritátis flore vernántem, nunc viduitátis gravitáte polléntem, nunc étiam conjúgii frúctibus redundántem. Nam, etsi divérsi, uníus tame"
Commune,Commune/C7.txt,103,Commune Unius non Virginis Martyris,Lectio7,Lectio7-9,3,Gregorius Magnus,Homiliae in Evangelia,Homilia 11 in Evangelia,Homilía sancti Gregórii Papæ,"Cælórum regnum, fratres caríssimi, idcírco terrénis rebus símile dícitur, ut, ex his quæ ánimus novit, surgat ad incógnita, quæ non novit: quátenus exémplo visibílium se ad invisib"
Commune,Commune/C7.txt,162,Commune Unius non Virginis Martyris,Lectio4 in 2 loco,Lectio4-6,3,Ioannes Chrysostomus,Sermones,Serm. 67. de diversis novi Testamenti locis.,Sermo sancti Joánnis Chrysóstomi.,"Ego máxime commemoratiónes díligo Mártyrum, díligo, et ampléctor; atque omnes quidem, sed tum præcípue, cum mulíerum certámina proponúntur. Quanto enim infírmius est vas, tanto maj"
Commune,Commune/C8.txt,195,Commune Dedicationis Ecclesiae,Lectio4,Lectio4-6,3,Augustinus Hipponensis,Sermones,Sermo 252 de Tempore,Sermo sancti Augustini Episcopi,"Quotiescúmque, fratres caríssimi, altáris vel templi festivitátem cólimus, si fidéliter ac diligénter atténdimus et sancte ac juste vívimus, quidquid in templis manufáctis ágitur, "
Commune,Commune/C8.txt,230,Commune Dedicationis Ecclesiae,Lectio7,Lectio7-9,3,Ambrosius Mediolanensis,Expositio evangelii secundum Lucam,"Lib. 8 in Luc., prope finem",Homilía sancti Ambrósii Epíscopi,"Zachǽus, statúra pusíllus, hoc est, nulla nobilitátis ingénitæ dignitáte sublímis, exíguus méritis sicut pópulus natiónum, audíto Dómini Salvatóris advéntu, quem sui non recéperant"
Commune,Commune/C8.txt,400,Commune Dedicationis Ecclesiae,Lectio4 in 2 loco,Lectio4-6,3,Unklarer Autor,In Psalm. 121,In Psalm. 121,,"Jerúsalem, quæ ædificátur ut cívitas. Fratres, quando dicébat ista David, perfécta erat illa cívitas, non ædificabatur. Néscio quam ergo civitátem dicit, quæ modo ædificátur, ad qu"
Commune,Commune/C8.txt,415,Commune Dedicationis Ecclesiae,Lectio7 in 2 loco,Lectio7-9,3,Ambrosius Mediolanensis,Expositio evangelii secundum Lucam,"Lib. 8 in Luc., in fine",De Homilía sancti Ambrósii Epíscopi,"Et conféstim, inquit, vidit, et sequebatur illum, magníficans Dóminum. Áliter enim non vidéret, nisi sequeretur Christum, nisi Dóminum prædicáret, nisi sǽculum præteriret. Cum diví"
Commune,Commune/C8.txt,426,Commune Dedicationis Ecclesiae,Lectio4 in 3 loco,Lectio4-5,2,Augustinus Hipponensis,Sermones,Serm. 256. de Tempore.,Sermo sancti Augustíni Epíscopi.,"Celebritas hujus congregatiónis, dedicatio est domus oratiónis. Domus ergo nostrárum oratiónum ista, domus autem Dei nos ipsi. Si domus Dei nos ipsi, nos in hoc sǽculo ædificamur, "
Commune,Commune/C8.txt,441,Commune Dedicationis Ecclesiae,Lectio7 in 3 loco,Lectio7-9,3,Ambrosius Mediolanensis,Expositio evangelii secundum Lucam,"Ex Lib. 8 in Luc., prope finem",De Homilía sancti Ambrósii Epíscopi,"Quæ autem turba, nisi imperitæ confúsio multitúdinis, quæ vérticem nequit vidére sapiéntiæ? Ergo Zachǽus quámdiu in turba est, non videt Christum: supra turbam ascéndit, et vidit: "
Commune,Commune/C8.txt,452,Commune Dedicationis Ecclesiae,Lectio4 in 4 loco,Lectio4-6,3,Augustinus Hipponensis,Sermones,Ex Serm. 256. de Tempore.,De Sermóne sancti Augustíni Epíscopi.,"Atténdite in psalmo dedicationis, quem modo cantavimus, ex ruína ædificiorum. Conscidísti saccum meum: hoc pértinet ad ruinam. Quid ergo ad ædificium? Et accinxisti me lætítia. Vox"
Commune,Commune/C8.txt,467,Commune Dedicationis Ecclesiae,Lectio7 in 4 loco,Lectio7-9,3,Gregorius Magnus,Moralia in Iob,"Lib. 27 in Moralium, cap. 27 post medium",Homilía sancti Gregórii Papæ,"Si veraciter sapiéntes esse, atque ipsam sapiéntiam contemplári appetimus, stultos nos humíliter cognoscámus. Relinquamus noxiam sapiéntiam, discamus laudabilem fatuitatem. Hinc qu"
Commune,Commune/C8.txt,478,Commune Dedicationis Ecclesiae,Lectio4 in 5 loco,Lectio4-6,3,Augustinus Hipponensis,Sermones,Ex Serm. 256. de Tempore.,De Sermóne sancti Augustíni Epíscopi.,"Modo, quando implentur ecclésiæ, putamus jucundari Judǽos? Ecclésiæ ædificantur, dedicantur, implentur: quómodo illi jucundantur? Non solum non jucundantur, sed étiam confundúntur,"
Commune,Commune/C8.txt,493,Commune Dedicationis Ecclesiae,Lectio7 in 5 loco,Lectio7-9,3,Beda Venerabilis,Expositio in Lucam / homiliae de tempore,Lib. 5. Cap. 77. in Luc. 19,Homilía venerábilis Bedæ Presbyteri.,"Quæ impossibilia sunt apud hómines, possibilia sunt apud Deum. Ecce enim camélus, deposita gibbi sárcina, per forámen acus transit, hoc est, dives et publicanus, relícto ónere divi"
Commune,Commune/C8.txt,504,Commune Dedicationis Ecclesiae,Lectio4 in 6 loco,Lectio4-5,2,Augustinus Hipponensis,Sermones,Ex Serm. 256. de Tempore.,De Sermóne sancti Augustíni Epíscopi.,"Ergo, dum novam constructionem sanctæ hujus ecclésiæ libénter attendimus, quam divíno nómini hódie dedicamus, invenimus a nobis deberi et Deo nostro máximam laudem, et sanctitati v"
Commune,Commune/C8.txt,519,Commune Dedicationis Ecclesiae,Lectio7 in 6 loco,Lectio7-9,3,Beda Venerabilis,Expositio in Lucam / homiliae de tempore,Lib. 5. Cap. 77. in Luc. 19,De Homilía Venerábilis Bedæ Presbyteri.,"Et cum venísset ad locum, suspiciens Jesus vidit illum. Perambulans Jericho Salvátor, venit ad locum, ubi præcúrrens Zachǽus sycomorum conscenderat: quia missis per mundum sui verb"
Commune,Commune/C8.txt,530,Commune Dedicationis Ecclesiae,Lectio4 in 7 loco,Lectio4-6,3,Ioannes Chrysostomus,Homiliae in Matthaeum,"Ex Hom. 33 in c. 9., Matth.",Sermo sancti Joánnis Chrysóstomi,"Commúnis ómnium domus est Ecclésia, in quam, vobis prius ingressis, nos intramus, discipulórum formam retinentes: ideóque commúniter ómnibus statim atque ingressi fuerimus, ut illi"
Commune,Commune/C8.txt,545,Commune Dedicationis Ecclesiae,Lectio7 in 7 loco,Lectio7-9,3,Beda Venerabilis,Paulo post prædicta,Paulo post prædicta,De Homilía Venerábilis Bedæ Presbyteri.,"Et cum vidérent omnes, murmurabant, dicéntes, quod ad hóminem peccatórem divertisset. Maniféstum est, Judǽos semper Géntium odisse salútem. Scriptum est enim: Sequénti vero sábbato"
Commune,Commune/C8.txt,556,Commune Dedicationis Ecclesiae,Lectio4 in 8 loco,Lectio4-5,2,Felix IV Papa,De Consecr. dist. 1. cap. 2,De Consecr. dist. 1. cap. 2,Ex Epístola prima sancti Felícis Papæ quarti.,"Tabernáculum Móysen, Dómino præcipiente, fecísse et sacrasse, cum mensa et altári ejus, et céteris vasis et utensilibus ad divínum cultum explendum, legimus: et non solum divínis p"
Commune,Commune/C8.txt,563,Commune Dedicationis Ecclesiae,Lectio6 in 8 loco,Lectio6,1,Unklarer Autor,"De Consec. dist. 1., c. 17","De Consec. dist. 1., c. 17",,"Solemnitates dedicationum ecclesiárum et sacerdótum, per síngulos annos solémniter sunt celebrandæ, ipso Dómino exémplum dante, qui ad festum dedicationis templi, ómnibus id facién"
Sancti,Sancti/01-01.txt,74,,Lectio4,Lectio4,1,Leo Magnus,Sermones,Sermo 7 de Nativitate Domini,Sermo sancti Leónis Papæ,"Festivitátis hodiérnæ, dilectíssimi, verus venerátor est, et pius cultor, qui nec de Incarnatióne Dómini áliquid falsum, nec de Deitáte áliquid sentit indígnum. Paris enim perículi"
Sancti,Sancti/01-01.txt,109,,Lectio7,Lectio7,1,Ambrosius Mediolanensis,Expositio evangelii secundum Lucam,"Liber 2 in cap. 2 Lucæ, circa medium",Homilía sancti Ambrósii Epíscopi,"Circumcíditur ítaque Puer. Quis est iste puer, nisi ille, de quo dictum est: Puer natus est nobis, Fílius datus est nobis? Factus est enim sub lege, ut eos, qui sub lege essent, lu"
Sancti,Sancti/01-02.txt,55,In Octava S. Stephani Protomartyris,Lectio4,Lectio4,1,Augustinus Hipponensis,Sermones,Serm. 2. de S. Stephano.,Sermo sancti Augustíni Epíscopi.,"Post hestérnum festivíssimum diem, quo Salvatóris nostri Christi nobis Natívitas illúxit, étiam hodiérnus dies beáti Mártyris Stéphani coróna illustrátur. Mártyris illíus mérita nu"
Sancti,Sancti/01-02.txt,70,In Octava S. Stephani Protomartyris,Lectio7,Lectio7-8,2,Hieronymus Stridonensis,Commentarii in Matthaeum,Lib. 4. Comment. in cap. 23. Matth.,Homilía sancti Hierónymi Presbýteri,"Jerúsalem, Jerúsalem, quæ occídis prophétas. Jerúsalem, non saxa et ædifícia civitátis, sed habitatóres vocat: quam plangit patris afféctu, sicut et in álio loco légimus, quod vide"
Sancti,Sancti/01-02.txt,82,In Octava S. Stephani Protomartyris,Lectio9,Lectio9,1,Augustinus Hipponensis,Sermones,Sermo 2 de S. Stephano,Sermo sancti Augustíni Epíscopi,"Christus caput Mártyrum prior passus est pro nobis, relínquens vobis exémplum, ut sequámini vestígia ejus. Cujus passiónis vestígia prosecútus beatíssimus Stéphanus, confiténdo Chr"
Sancti,Sancti/01-03.txt,49,In Octava S. Joannis Apostoli et Evangelistæ,Lectio4,Lectio4-6,3,Augustinus Hipponensis,Tractatus 36,Tractatus 36,Ex Tractatu sancti Augustíni Epíscopi in Joánnem,"In quátuor Evangéliis, vel pótius quátuor libris uníus Evangélii, sanctus Joánnes Apóstolus non immérito secúndum intelligéntiam spiritálem áquilæ comparátus, áltius multóque sublí"
Sancti,Sancti/01-03.txt,64,In Octava S. Joannis Apostoli et Evangelistæ,Lectio7,Lectio7-8,2,Ioannes Chrysostomus,"Hom. 87. in Joann., circa med.","Hom. 87. in Joann., circa med.",Homilía sancti Joánnis Chrysóstomi,"Cum magna Christus Petro communicásset, orbis terrárum curam demandásset, martýrium prædixísset et majórem erga eum dilectiónem testátus esset: cum vellet Petrus Joánnem sócium et "
Sancti,Sancti/01-04.txt,44,In Octava Ss. Innocentium,Lectio4,Lectio4-6,3,Augustinus Hipponensis,Sermones,Sermo 1 de Innocentibus,Sermo sancti Augustíni Epíscopi,"Nascénte Dómino, luctus cœpit, non cælo, sed mundo: indícitur mátribus lamentátio, Angelis exsultátio, infántibus transmigrátio. Deus est, qui natus est: Innocéntes illi debéntur v"
Sancti,Sancti/01-04.txt,59,In Octava Ss. Innocentium,Lectio7,Lectio7-9,3,Ioannes Chrysostomus,Homiliae in Matthaeum,"Ex Hom. 8 in Matth., ante med.",Homilía sancti Joánnis Chrysóstomi,"Quæ cum audísset Joseph, nequáquam passus est scándalum, neque dixit: Incérta ista res est, ac prorsus ambígua. Tu paulo ante dicébas, quia salvábit populum suum, et nunc seípsum q"
Sancti,Sancti/01-05.txt,40,,Lectio4,Lectio4-5,2,Augustinus Hipponensis,Sermones,Sermo 13 de Tempore,Sermo sancti Augustíni Epíscopi,"Dóminus noster Jesus Christus, fratres caríssimi, qui in ætérnum est cunctórum Creátor, hódie de matre nascéndo factus est nobis Salvátor. Natus est nobis hódie in témpore per volu"
Sancti,Sancti/01-05.txt,55,,Lectio7,Lectio7-8,2,Hieronymus Stridonensis,Commentarii in Matthaeum,Liber 1 in Comment. in cap. 2 Matthæi,Homilía sancti Hierónymi Presbýteri,"Ex hoc loco intellígimus non solum Heródem, sed et sacerdótes et scribas eódem témpore necem Dómini fuísse meditátos. Qui surgens accépit púerum, et matrem ejus. Non dixit: Accépit"
Sancti,Sancti/01-06.txt,162,,Lectio4,Lectio4-5,2,Leo Magnus,Sermones,Sermo 2 de Epiphania,Sermo sancti Leónis Papæ,"Gaudéte in Dómino, dilectíssimi, íterum dico, gaudéte: quóniam brevi intervállo témporis, post solemnitátem Nativitátis Christi, festívitas declaratiónis ejus illúxit: et quem in i"
Sancti,Sancti/01-06.txt,197,,Lectio7,Lectio7-9,3,Gregorius Magnus,Homiliae,Homilia 10 in Evang.,Homilía sancti Gregórii Papæ,"Sicut in lectióne evangélica, fratres caríssimi, audístis, cæli Rege nato, rex terræ turbátus est: quia nimírum terréna altitúdo confúnditur, cum celsitúdo cæléstis aperítur. Sed q"
Sancti,Sancti/01-07.txt,29,,Lectio4,Lectio4-6,3,Augustinus Hipponensis,Sermones,"Sermo 2 de Epiphania, qui est 30 de Tempore",Sermo sancti Augustíni Epíscopi,"Ad partum Vírginis adorándum Magi ab Oriénte venérunt. Hunc diem hódie celebrámus: huic debitum solemnitáti sermónem persolvimus. Illis dies iste primus illuxit, anniversaria nobis"
Sancti,Sancti/01-07.txt,44,,Lectio7,Lectio7-9,3,Gregorius Magnus,Homiliae in Evangelia,Homilia 10 in Evangelia,De Homilía sancti Gregórii Papæ,"Nativitáte Regis nostri cógnita, Heródes ad callida arguménta convértitur; et ne terreno regno privarétur, renuntiari sibi ubi puer inveniátur, postulat. Adorare eum velle se símul"
Sancti,Sancti/01-08.txt,29,,Lectio4,Lectio4-6,3,Augustinus Hipponensis,Sermones,Sermo 2 de Epiphania,De Sermóne sancti Augustíni Epíscopi,"Cum tam multi jam nati, atque defuncti essent reges Judæórum, numquid quemquam eórum adorándum Magi quæsiérunt? Non, quia nec quemquam eórum cælo loquénte didicérunt. Verúmtamen, q"
Sancti,Sancti/01-08.txt,44,,Lectio7,Lectio7-9,3,Gregorius Magnus,Homiliae in Evangelia,Ex Homilía 10 in Evangelia,De Homilía sancti Gregórii Papæ,"Magi vero aurum, thus et myrrham déferunt. Aurum quippe Regi congruit, thus vero in Dei sacrifícium pónitur, myrrha autem mortuórum córpora condiúntur. Eum ergo Magi, quem adorant,"
Sancti,Sancti/01-09.txt,29,,Lectio4,Lectio4-6,3,Leo Magnus,Sermones,Sermo 1 de Epiphania,Sermo sancti Leónis Papæ,"Celebrato próximo die, quo intemeráta virginitas humani generis edidit Salvatórem, Epiphaníæ nobis, dilectíssimi, veneranda festívitas dat perseverantiam gaudiórum: ut inter cognat"
Sancti,Sancti/01-09.txt,44,,Lectio7,Lectio7-9,3,Gregorius Magnus,Homiliae in Evangelia,Ex Homilía 10 in Evangelia,De Homilía sancti Gregórii Papæ,"Magnum vero nobis aliquid Magi ínnuunt, quod in regiónem suam per aliam viam revertúntur. In eo namque quod admóniti faciunt, nobis profecto insinuant quid faciámus. Regio quippe n"
Sancti,Sancti/01-10.txt,31,,Lectio4,Lectio4-6,3,Maximus Taurinensis,Sermones,Homilia 1 de Epiphania,Sermo sancti Máximi Epíscopi,"In hac, dilectíssimi, celebritate, sicut relatu paternæ traditiónis instrúimur, multíplici nobis est festivitate lætándum. Ferunt enim, hódie Christum Dóminum nostrum vel stella du"
Sancti,Sancti/01-10.txt,46,,Lectio7,Lectio7-9,3,Hieronymus Stridonensis,Commentarii in Matthaeum,Liber 1 Comment. in cap. 2. Matth.,Homilía sancti Hierónymi Presbýteri,"Vídimus enim stellam ejus in Oriénte. Ad confusiónem Judæórum, ut nativitátem Christi a Géntibus díscerent, óritur in Oriénte stella; quam futuram, Bálaam, cujus successores erant,"
Sancti,Sancti/01-11.txt,30,,Lectio4,Lectio4-6,3,Fulgentius Ruspensis,Sermones,"Ex Serm. 5 qui est de Epiphania, sub initium",Sermo sancti Fulgéntii Epíscopi,"Ipse Deus, qui sibi in véteri testaménto primítias offérri mandávit, homo natus Géntium primítias suo cultui dedicávit. Pastóres fuérunt primítiæ Judæórum: Magi facti sunt primítiæ"
Sancti,Sancti/01-11.txt,45,,Lectio7,Lectio7-9,3,Ambrosius Mediolanensis,Expositio evangelii secundum Lucam,"Liber 2 in Lucam cap. 2, post init.",Homilía sancti Ambrósii Epíscopi,"Quæ sunt ista veræ fídei múnera? Aurum Regi, thus Deo, myrrha defúncto. Aliud enim Regis insígne, áliud divínæ sacraméntum potestátis, áliud honor est sepultúræ, quæ non corrúmpat "
Sancti,Sancti/01-13.txt,43,,Lectio4,Lectio4-6,3,Gregorius Magnus,Sermones,Oratio in sancta Lumina,Sermo sancti Gregórii Nazianzéni,"Non possum cohibére lætítiæ voluptátem, sed mente extóllor, et affícior: et própriæ pusillitátis oblítus, offícium magni Joánnis, immo pótius famulátum subíre conténdo, ac géstio: "
Sancti,Sancti/01-13.txt,58,,Lectio7,Lectio7,1,Augustinus Hipponensis,Tractatus in Iohannis Evangelium,"Tract. 6 in Joann., ante med.",Homilía sancti Augustíni Epíscopi,"Antequam veníret Dóminus ut baptizarétur a Joánne in Jordáne, nóverat eum illis vócibus, ubi ait: Tu ad me venis baptizári? ego a te débeo baptizári. Sed ecce Dóminum nóverat, nóve"
Sancti,Sancti/01-18.txt,58,Cathedræ S. Petri Romæ,Lectio4,Lectio4,1,Leo Magnus,Sermones,"Sermo 1 de Ss. Apost. Petro et Paulo, ante medium.",Sermo sancti Leónis Papæ,"Cum duódecim Apóstoli, accépta per Spíritum Sanctum ómnium locutióne linguárum, imbuéndum Evangélio mundum, distribútis sibi terrárum pártibus, suscepíssent, beatíssimus Petrus, pr"
Sancti,Sancti/01-18.txt,82,Cathedræ S. Petri Romæ,Lectio7,Lectio7-8,2,Hilarius Pictaviensis,"Comment. in Matth. can. 16, post initium","Comment. in Matth. can. 16, post initium",Homilía sancti Hilarii Epíscopi,"Dóminus a discípulis requírit, quem se hómines esse dícerent; ut adjécit, hóminis fílium. Hæc enim confessiónis tenénda rátio est, ut sicut Dei Fílium, ita et fílium hóminis meminé"
Sancti,Sancti/01-21.txt,63,S. Agnetis Virginis et Martyris,Lectio4,Lectio4-6,3,Ambrosius Mediolanensis,"Liber 1, post initium","Liber 1, post initium",Ex libro S. Ambrósii Epíscopi de Virgínibus,"Hódie natális est Vírginis, integritátem sequámur. Natális est Mártyris, hóstias immolémus. Natális est sanctæ Agnétis, miréntur viri, non despérent párvuli, stúpeant nuptæ, imitén"
Sancti,Sancti/01-21.txt,94,S. Agnetis Virginis et Martyris,Lectio94,Lectio94,1,Ambrosius Mediolanensis,"Liber 1, post initium","Liber 1, post initium",Ex libro S. Ambrósii Epíscopi de Virgínibus,"Hódie natális est Vírginis, integritátem sequámur. Natális est Mártyris, hóstias immolémus. Natális est sanctæ Agnétis, miréntur viri, non despérent párvuli, stúpeant nuptæ, imitén"
Sancti,Sancti/01-25.txt,71,In Conversione S. Pauli Apostoli,Lectio4,Lectio4-6,3,Augustinus Hipponensis,Sermones,Sermo 14 de Sanctis,Sermo sancti Augustíni Epíscopi,"Hódie de Actibus Apostolórum léctio hæc pronuntiáta est, ubi Paulus Apóstolus, ex persecutóre Christianórum, annuntiátor factus est Christi. Prostrávit enim Christus persecutórem, "
Sancti,Sancti/01-26.txt,20,S. Polycarpi Episcopi et Martyris,Lectio4,Lectio4-6,3,Hieronymus Stridonensis,Cap. 17,Cap. 17,Ex libro sancti Hierónymi Presbýteri de Scriptóribus ecclesiásticis,"Polycárpus, Joánnis Apóstoli discípulus et ab eo Smyrnæ epíscopus ordinátus, totíus Asiæ princeps fuit, quippe qui nonnúllos Apostolórum et eórum qui víderant Dóminum, magístros ha"
Sancti,Sancti/02-01.txt,22,S. Ignatii Episcopi et Martyris,Lectio4,Lectio4-6,3,Hieronymus Stridonensis,Cap. 16,Cap. 16,Ex libro sancti Hierónymi Presbýteri de Scriptóribus ecclesiásticis,"Ignátius, Antiochénæ ecclésiæ tértius post Petrum Apóstolum epíscopus, commovénte persecutiónem Trajáno, damnátus ad béstias, Romam vinctus míttitur. Cumque návigans Smyrnam veníss"
Sancti,Sancti/02-01.txt,41,S. Ignatii Episcopi et Martyris,Lectio7,Lectio7-9,3,Augustinus Hipponensis,Tractatus in Iohannis Evangelium,"Tract. 51 in Joánn., sub med.",Homilía sancti Augustíni Epíscopi,"Ipse Dóminus Jesus erat granum mortificándum et multiplicándum; mortificándum infidelitate Judæórum, multiplicándum fide populórum. Jam vero exhortans ad passiónis suæ sectanda ves"
Sancti,Sancti/02-02.txt,74,,Lectio4,Lectio4-6,3,Augustinus Hipponensis,Sermones,"Sermo 13 de Tempore, post initium",Sermo sancti Augustíni Epíscopi,Sic olim prædíctum est: Mater Sion dicit: Homo et homo factus est in ea; et ipse fundávit eam Altíssimus. O omnipoténtia nascéntis! o magnificéntia de cælo ad terram descendéntis! 
Sancti,Sancti/02-02.txt,109,,Lectio7,Lectio7,1,Ambrosius Mediolanensis,Expositio evangelii secundum Lucam,"Liber 2 Comment. in Lucæ cap. 2, post initium",Homilía sancti Ambrósii Epíscopi,"Et ecce homo erat in Jerúsalem, cui nomen Símeon, et homo iste justus et timorátus, exspéctans consolatiónem Israël. Non solum ab Angelis, et prophétis, et a pastóribus, sed étiam "
Sancti,Sancti/02-10.txt,23,S. Scholasticæ Virginis,Lectio4,Lectio4-5,2,Gregorius Magnus,"Lib. 2, Cap. 33.","Lib. 2, Cap. 33.",Ex libro Dialogórum sancti Gregórii Papæ,"Scholástica, venerábilis patris Benedícti soror, omnipoténti Dómino ab ipso infántiæ témpore dedicáta, ad eum semel per annum veníre consuéverat; ad quam vir Dei non longe extra já"
Sancti,Sancti/02-22.txt,115,In Cathedra S. Petri Apostoli Antiochiæ,Lectio4,Lectio4-6,3,Augustinus Hipponensis,Sermones,Sermo 15 de Sanctis,Sermo sancti Augustíni Epíscopi,"Institútio solemnitátis hodiérnæ a senióribus nostris Cáthedræ nomen accépit, ídeo quod primus Apostolórum Petrus hódie episcopátus cáthedram suscepísse referátur. Recte ergo ecclé"
Sancti,Sancti/02-22.txt,150,In Cathedra S. Petri Apostoli Antiochiæ,Lectio7,Lectio7-8,2,Leo Magnus,Sermones,"Sermo 3 in annivers. assumpt. suæ, post initium",Homilía sancti Leónis Papæ,"Apóstolos Dóminus, quid de se hómines opinéntur, intérrogat: et tamdiu sermo respondéntium commúnis est, quámdiu humánæ intellegéntiæ ambigúitas explicátur. At ubi quid hábeat sens"
Sancti,Sancti/02-24.txt,61,S. Matthiæ Apostoli,Lectio7,Lectio7-9,3,Augustinus Hipponensis,Sermones de verbis Domini,Sermo 10 de verbis Domini,Homilía sancti Augustíni Epíscopi,"Veníte ad me, omnes qui laborátis. Quare enim omnes laborámus, nisi quia sumus hómines mortáles, frágiles, infírmi, lútea vasa portántes, quæ fáciunt ínvicem angústias? Sed, si ang"
Sancti,Sancti/03-08.txt,34,S. Joannis de Deo Confessoris,Lectio7,Lectio7-9,3,Ioannes Chrysostomus,Homiliae in Matthaeum,Homilia 72 in Matthæum,Homilía sancti Joánnis Chrysóstomi,"Sadducæis confúsis, pharisæi rursus aggrediúntur; cumque quiéscere oporteret, decertare voluérunt: et legis perítiam profitentem præmittunt, non discere, sed tentare cupiéntes; ac "
Sancti,Sancti/03-12.txt,44,S. Gregorii Papæ Confessoris et Ecclesiæ Doctoris,Lectio7,Lectio7-9,3,Leo Magnus,Sermones,"Sermo 2 in anniversario assumpt. suæ, ante medium",Homilía sancti Leónis Papæ,"Cum, sicut evangélica lectióne reserátum est, interrogásset Dóminus discípulos, quem ipsum (multis divérsa opinántibus) créderent; respondissétque beátus Petrus, dicens: Tu es Chri"
Sancti,Sancti/03-12.txt,53,S. Gregorii Papæ Confessoris et Ecclesiæ Doctoris,Lectio7,Lectio7-9,3,Gregorius Magnus,Ex Homilía 17 in Lucæ 10 ante med.,Ex Homilía 17 in Lucæ 10 ante med.,Homilía sancti Gregórii Papæ,"Considerándum nobis est, ut, qui una eadémque exhortatiónis voce non súfficit simul cunctos admonére, stúdeat síngulos, in quantum valet, instrúere, privátis locutiónibus ædificáre"
Sancti,Sancti/03-18.txt,37,S. Cyrilli Episcopi Hierosolymitani Confessoris et Ecclesiæ Doctoris,Lectio7,Lectio7-8,2,Athanasius Alexandrinus,"In Apologia de fuga sua, ante med.","In Apologia de fuga sua, ante med.",Homilia sancti Athanasii Epíscopi.,"In lege præceptum erat ut constituerentur civitates refugiorum, ut qui quomodocumque ad necem quærerentur, servari possent. In consummatione porro sæculorum cum advenisset illud ip"
Sancti,Sancti/03-19.txt,160,S. Joseph Sponsi B.M.V. Confessoris,Lectio4,Lectio4-6,3,Bernardus Claraevallensis,Sermones,"Homil. 2 super Missus est, prope finem",Sermo sancti Bernárdi Abbátis,"Quis et qualis homo fúerit beátus Joseph, cónice ex appellatióne, qua, licet dispensatória, méruit honorári ádeo, ut pater Dei et dictus et créditus sit; cónice et ex próprio vocáb"
Sancti,Sancti/03-25.txt,79,,Lectio4,Lectio4-6,3,Leo Magnus,Sermones,Sermo 2 de Nativ. Domini,Sermo sancti Leónis Papæ,"Deus omnípotens et clemens, cujus natúra bónitas, cujus volúntas poténtia, cujus opus misericórdia est, statim ut nos diabólica malígnitas venéno suæ mortificávit invídiæ, prædesti"
Sancti,Sancti/03-25.txt,114,,Lectio7,Lectio7-9,3,Ambrosius Mediolanensis,Expositio evangelii secundum Lucam,Liber 2 in Lucam,Homilía sancti Ambrósii Epíscopi,"Latent quidem divína mystéria, nec fácile, juxta prophéticum dictum, quisquam hóminum potest scire consílium Dei. Sed tamen ex céteris factis, atque præcéptis Dómini Salvatóris pós"
Sancti,Sancti/03-27.txt,47,S. Joannis Damasceni Confessoris et Ecclesiæ Doctoris,Lectio7,Lectio7-9,3,Petrus Chrysologus,Sermones,Sermo 32,Homilía sancti Petri Chrysologi,"In hoc hómine ómnium hóminum imago figurátur, in hoc geritur cura cunctórum, in hoc universórum sánitas diu exspectáta reparátur. Arúerat enim manus hóminis magis stupore fidei qua"
Sancti,Sancti/03-28.txt,30,S. Joannis a Capistrano Confessoris,Lectio7,Lectio7,1,Bonaventura,Expositio in cap. 9 Lucæ,Expositio in cap. 9 Lucæ,Homilia sancti Bonaventuræ Epíscopi,"Apostoli ideo nominati sunt, ut eorum commendaretur auctoritas. Apostolus enim missus interpretatur: missi autem fuerunt ad prædicandum, secundum illud: Non misit me Christus bapti"
Sancti,Sancti/04-04.txt,36,S. Isidori Episcopi Confessoris et Ecclesiæ Doctoris,Lectio7,Lectio7,1,Fulgentius Ruspensis,Ex libro 2. Officiorum ad S. Fulgentium cap. 5.,Ex libro 2. Officiorum ad S. Fulgentium cap. 5.,Homilia sancti Isidori Epíscopi.,"Qui in erudiendis, atque instituendis ad virtutem populis præerit, necesse est, ut in omnibus sanctus sit, et in nullo reprehensibihs habeatur. Qui enim alium de peccatis arguit, i"
Sancti,Sancti/04-13.txt,54,S. Hermenegildi Martyris,Lectio4,Lectio4-6,3,Gregorius Magnus,Lib. 3 Cap. 31,Lib. 3 Cap. 31,Ex libro Dialogorum sancti Gregorii Papæ,"Hermenegildus rex, Leovigildi regis Visigothorum filius, ab Ariana hæresi ad fidem catholicam viro reverendissimo Leandro Hispalensi episcopo, dudum mihi in amicitiis familiariter "
Sancti,Sancti/04-13.txt,65,S. Hermenegildi Martyris,Lectio94,Lectio94,1,Gregorius Magnus,"Liber 3, cap. 31","Liber 3, cap. 31",Ex libro Dialogórum sancti Gregórii Papæ,"Hermenegíldus rex, Leovigíldi regis Visigothórum fílius, ab Ariána hǽresi ad fidem cathólicam viro reverendíssimo Leándro Hispalénsi epíscopo, dudum mihi in amicítiis familiáriter "
Sancti,Sancti/04-14.txt,52,S. Justini Martyris,Lectio7,Lectio7-8,2,Ioannes Chrysostomus,Homiliae in Matthaeum,Homilia in cap. x Matth. v. 26. et seq.,Homilía sancti Joánnis Chrysostomi.,"Nihil est opertum quod non revelábitur, nec occultum quod non sciétur. Quod autem dicit, hujúsmodi est: Sufficit quidem vobis ad consolatiónem, si ego Magister et Dóminus consors s"
Sancti,Sancti/04-22.txt,27,SS. Soteris et Caji Summorum Pontificum et Martyrum,Lectio6,Lectio6,1,Ambrosius Mediolanensis,Sermones,Sermo 22.,Sermo sancti Ambrósii Epíscopi,"Dignum et congruum est, fratres, ut post lætítiam Paschæ, quam in Ecclésia celebrávimus, gaudia nostra cum sanctis Martyribus conferámus; et iis annuntiémus Dominicæ resurrectiónis"
Sancti,Sancti/04-25.txt,25,S. Marci Evangelistæ,Lectio4,Lectio4-6,3,Hieronymus Stridonensis,"De viris illustribus, cap 8","De viris illustribus, cap 8",Ex libro sancti Hierónymi Presbýteri de Scriptóribus ecclesiásticis,"Marcus, discípulus et intérpres Petri, juxta quod Petrum referéntem audíerat, rogátus Romæ a frátribus, breve scripsit Evangélium. Quod cum Petrus audísset, et probávit, et Ecclési"
Sancti,Sancti/04-26.txt,28,SS. Cleti et Marcellini Summorum Pontificum et Martyrum,Lectio6,Lectio6,1,Ambrosius Mediolanensis,Sermones,Serm. 22.,Sermo sancti Ambrósii Epíscopi.,"Dignum et congruum est, fratres, ut post lætitiam Paschæ, quam in Ecclesia celebravimus, gaudia nostra cum sanctis Martyribus conferamus: et iis annuntiemus Dominicæ resurrectionis"
Sancti,Sancti/05-01.txt,54,Ss. Philippi et Jacobi Apostolorum,Lectio7,Lectio7-9,3,Augustinus Hipponensis,Tractatus in Iohannis Evangelium,Tract. 67 in Joannem,Homilía sancti Augustíni Epíscopi,"Erigénda est nobis, fratres, ad Deum major inténtio, ut verba sancti Evangélii, quæ modo in nostris áuribus sonuérunt, étiam mente cápere utcúmque possímus. Ait enim Dóminus Jesus:"
Sancti,Sancti/05-02.txt,47,S. Athanasii Episcopi Confessoris et Ecclesiæ Doctoris,Lectio7,Lectio7,1,Athanasius Alexandrinus,"In Apologia de fuga sua, ante medium","In Apologia de fuga sua, ante medium",Homilía sancti Athanasii Epíscopi.,"In lege præcéptum erat ut constitueréntur civitátes refugiórum, ut, qui quomodocúmque ad necem quæreréntur, servari possent. In consummatióne porro sæculórum cum advenísset illud i"
Sancti,Sancti/05-03.txt,154,,Lectio7,Lectio7-8,2,Augustinus Hipponensis,Tractatus in Iohannis Evangelium,"Tract. 11 in Joann., post init.",Homilía sancti Augustíni Epíscopi,"Nicodémus ex his erat, qui credíderant in nómine Jesu, vidéntes signa et prodígia quæ faciébat. Supérius enim hoc dixit: Cum autem esset Jerosólymis in Pascha in die festo, multi c"
Sancti,Sancti/05-04.txt,30,S. Monicæ Viduæ,Lectio6,Lectio6,1,Unklarer Autor,Ex libro 9 Conf. cap. 12.,Ex libro 9 Conf. cap. 12.,,"Subdit vero Augustinus de matris morte disserens: Neque enim decére arbitrabámur funus illud quéstubus lacrimosis gemitibúsque celebrare, quia illa nec mísere, nec omnino moriebátu"
Sancti,Sancti/05-04.txt,43,S. Monicæ Viduæ,Lectio7,Lectio7-9,3,Augustinus Hipponensis,Sermones de verbis Domini,"Sermo 44 de Verbis Dómini, circa initium",Homilía sancti Augustíni Epíscopi,De juvene illo resuscitato gavisa est mater vidua; de homínibus in spíritu quotídie suscitátis gaudet mater Ecclésia. Ille quidem mórtuus erat corpore; illi autem mente. Illius mor
Sancti,Sancti/05-06.txt,32,S. Joannis Apostoli ante Portam Latinam,Lectio4,Lectio4-6,3,Hieronymus Stridonensis,"Liber 1, n. 26","Liber 1, n. 26",Ex libro sancti Hierónymi Presbýteri contra Jovinianum.,"Joánnes Apóstolus, unus ex discípulis Dómini, qui mínimus natu tráditur fuísse inter Apóstolos, et quem fides Christi vírginem repérerat, virgo permánsit; et ídeo plus amátur a Dóm"
Sancti,Sancti/05-06.txt,52,S. Joannis Apostoli ante Portam Latinam,Lectio7,Lectio7,1,Hieronymus Stridonensis,Commentarii in Matthaeum,Liber 3 Comm. in Matth. c. 20.,Homilía sancti Hierónymi Presbýteri.,"Unde opiniónem regni habet mater filiórum Zebedǽi, ut cum Dóminus díxerit: Fílius hóminis tradétur princípibus sacerdótum et scribis, et condemnábunt eum morte, et tradent Géntibus"
Sancti,Sancti/05-08.txt,214,In Apparitione S. Michaëlis Archangeli,Lectio7,Lectio7-9,3,Hilarius Pictaviensis,Comment in Matth. can. 18,Comment in Matth. can. 18,Homilía sancti Hilárii Epíscopi,"Nónnisi revérsos in natúram puerórum introíre regnum cælórum Dóminus docet: id est, per simplicitátem puerílem vítia córporum nostrórum animǽque revocánda. Púeros autem, credéntes "
Sancti,Sancti/05-12.txt,36,"Ss. Nerei, Achillei et Domitillæ Virg. atque Pancratii Martyrum",Lectio7,Lectio7-8,2,Gregorius Magnus,Ex,"Ex Homil. 28. habita in Basilica horum Ss. Mártyrum, in die natalis eorum",Homilía sancti Gregórii Papæ,"Quid est quod regulus Dominum rogat ut ad ejus filium veniat, et tamen ire corporaliter recusat: ad servum vero centurionis non invitatur, et tamen se corporaliter ire pollicetur? "
Sancti,Sancti/05-27.txt,47,S. Bedæ Venerabilis Confessoris et Ecclesiæ Doctoris,Lectio7,Lectio7-8,2,Beda Venerabilis,In Evang. Vos estis sal terra,In Evang. Vos estis sal terra,Homilía sancti Bedæ Venerábilis Presbýteri,"In terra, humana natura; in sale, sapientia verbis significatur. Salis enim natura, terra efficitur infructuosa; unde quasdam urbes legimus, victorum ira, sale seminatas. Et hoc co"
Sancti,Sancti/05-28.txt,36,S. Augustini Episcopi et Confessoris,Lectio7,Lectio7-9,3,Gregorius Magnus,Homiliae,Homilia 17. in Evang.,Homilia sancti Gregorii Papæ.,"Dominus et Salvator noster, fratres carissimi, aliquando nos sermonibus, aliquando vero operibus admonet. Ipsa etenim facta ejus præcepta sunt: quia dum aliquid tacitus facit, quid"
Sancti,Sancti/06-05.txt,40,S. Bonifatii Episcopi et Martyris,Lectio7,Lectio7-8,2,Augustinus Hipponensis,Sermones,"Liber 1 de sermone Dómini in monte, cap. 2. et 3.",Homilia sancti Augustíni Epíscopi.,"Beáti mundo corde; quóniam ipsi Deum vidébunt. Quam ergo stulti sunt, qui Deum istis exterióribus óculis quærunt, cum corde videátur, sicut álibi scriptum est: Et in simplicitáte c"
Sancti,Sancti/06-11.txt,61,S. Barnabæ Apostoli,Lectio7,Lectio7-9,3,Ioannes Chrysostomus,Homiliae in Matthaeum,"Homilia 34 in Matthæum, post initium",Homilía sancti Joánnis Chrysóstomi.,"Cum Dóminus omnem sollicitúdinem a discipulórum córdibus ejécerit, et ostensióne signórum armáverit, atque, ab ómnibus negótiis sæculáribus alienátos et ab omni temporálium rerum c"
Sancti,Sancti/06-14.txt,43,"S. Basilii Magni, Episcopis Confessoris et Ecclesiæ Doctoris",Lectio7,Lectio7,1,Basilius Magnus,Lib. Regul. fusius explic. ad interrog. 8,Lib. Regul. fusius explic. ad interrog. 8,Homilía sancti Basilíi Epíscopi,"Perfécta quidem renuntiátio in eo consístit, ut id assequámur, ne ad ipsíus étiam vitæ affectiónem propénsi simus, et respónsum mortis habeámus, ut non simus fidéntes in nobis ipsi"
Sancti,Sancti/06-21.txt,36,S. Aloisii Gonzagæ Confessoris,Lectio7,Lectio7,1,Ioannes Chrysostomus,Liber de Virginitate,Liber de Virginitate,Homilia sancti Joannis Chrysostomi,"Virginitas est bona: id ego quoque fateor. Atqui nuptiis étiam melior et istud tibi assentior: ac si libet, illud adjungam, tanto nuptiis eam præstare, quanto cælum terræ, quanto h"
Sancti,Sancti/06-23.txt,26,In Vigilia S. Joannis Baptistæ,Lectio1,Lectio1,1,Ambrosius Mediolanensis,Expositio evangelii secundum Lucam,Liber 1 in Lucam,Homilía sancti Ambrósii Epíscopi,"Docet nos Scriptúra divína non solum mores in iis qui prædicábiles sunt, sed étiam paréntes oportére laudári; ut véluti transmíssa immaculátæ puritátis heréditas, in iis quos vólum"
Sancti,Sancti/06-24.txt,207,In Nativitate S. Joannis Baptistæ,Lectio4,Lectio4-5,2,Augustinus Hipponensis,Sermones,Sermo 20 de Sanctis,Sermo sancti Augustíni Epíscopi,"Post illum sacrosánctum Dómini natális diem, nullíus hóminum nativitátem légimus celebrári, nisi solíus beáti Joánnis Baptístæ. In áliis Sanctis et eléctis Dei nóvimus illum diem c"
Sancti,Sancti/06-24.txt,242,In Nativitate S. Joannis Baptistæ,Lectio7,Lectio7,1,Ambrosius Mediolanensis,Expositio evangelii secundum Lucam,"Liber 2 Comm. in Lucæ cap. 1, ante finem",Homilía sancti Ambrósii Epíscopi,"Péperit fílium Elísabeth, et congratulabántur vicíni. Habet Sanctórum edítio lætítiam plurimórum, quia commúne est bonum; justítia enim commúnis est virtus. Et ídeo in ortu justi f"
Sancti,Sancti/06-25oct.txt,14,Die secunda infra Octavam Nativitatis S. Joannis Baptistæ,Lectio4,Lectio4-6,3,Augustinus Hipponensis,Sermones,Serm. 21 de Sanctis.,Sermo sanctii Augustíni Epíscopi,"Natálem sancti Joánnis, fratres caríssimi, hódie celebrámus: quod nulli umqua Sanctórum légimus fuísse concéssum. Solíus enim Dómini, et beáti Joánnis dies nativitátis in univérso "
Sancti,Sancti/06-25oct.txt,29,Die secunda infra Octavam Nativitatis S. Joannis Baptistæ,Lectio7,Lectio7-9,3,Ambrosius Mediolanensis,Expositio evangelii secundum Lucam,Lib. 2. in Lucam.,De Homilía sancti Ambrósii Epícopi.,"Joánnes est, inquit, nomen ejus. Non póterat Elísabeth Dómini ignoráre prænúntium, quæ prophetáuerat Christum. Et bene ádditur: Quia nemo in cognatióne ejus vocabátur hoc nómine: u"
Sancti,Sancti/06-26.txt,79,Ss. Joannis et Pauli Martyrum,Lectio7,Lectio7,1,Beda Venerabilis,Expositio in Lucam / homiliae de tempore,"Lib. 4 in Lucam, cap. 12",Homilía sancti Bedæ Venerábilis Presbýteri,"De hoc ferménto Apóstolus præcépit: Itáque epulémur, non in ferménto véteri, neque in ferménto malítiæ et nequítiæ, sed in ázymis sinceritátis et veritátis. Nam, sicut módicum ferm"
Sancti,Sancti/06-27oct.txt,14,Quarta die infra Octavam Nativitatis S. Joannis Baptistæ,Lectio4,Lectio4-6,3,Basilius Magnus,Sermones,Homilia 2 in Psalm. 28,Sermo sancti Basilíi Magni,"Vox Dómini super aquas. Qualis vox? super quas aquas? Velut prophetíam accipiámus quod dictum est. Memíneris Joánnis, qui interrogátus a Judǽis: Tu quis es? quod respónsum dábimus "
Sancti,Sancti/06-27oct.txt,29,Quarta die infra Octavam Nativitatis S. Joannis Baptistæ,Lectio7,Lectio7-8,2,Ambrosius Mediolanensis,Expositio evangelii secundum Lucam,Lib. 2 in Luc. cap. 1 in fine,De Homilía sancti Ambrósii Epíscopi,"Et Zacharías pater ejus implétus est Spíritu Sancto, et prophetábat. Vide quam bonus Deus, et fácilis indulgére peccátis; non solum abláta restítuit, sed étiam insperáta concédit. "
Sancti,Sancti/06-28r.txt,26,In Vigilia Ss. Petri et Pauli Apostolorum,Lectio1,Lectio1-3,3,Augustinus Hipponensis,Tractatus in Iohannis Evangelium,"Tractatus 123 in Joannem, in medio",Homilía sancti Augustíni Epíscopi,"Rédditur negatióni trinæ trina conféssio, ne minus amóri lingua sérviat, quam timóri: et plus vocis elicuísse videátur mors ímminens, quam vita præsens. Sit amóris offícium páscere"
Sancti,Sancti/06-29.txt,146,SS. Apostolorum Petri et Pauli,Lectio4,Lectio4,1,Leo Magnus,Sermones,Sermo 1 in natali App. Petri et Pauli,Sermo sancti Leónis Papæ,"Omnium quidem sanctárum solemnitátum, dilectíssimi, totus mundus est párticeps, et uníus fídei píetas éxigit, ut quidquid pro salúte universórum gestum recólitur, commúnibus ubíque"
Sancti,Sancti/06-29.txt,178,SS. Apostolorum Petri et Pauli,Lectio7,Lectio7,1,Hieronymus Stridonensis,Commentarii in Matthaeum,Lib. 3 Comment. in Matth. cap. 16,Homilía sancti Hierónymi Presbýteri,"Pulchre intérrogat: Quem dicunt hómines esse Fílium hóminis? quia qui de fílio hóminis loquúntur, hómines sunt; qui vero divinitátem ejus intéllegunt, non hómines, sed dii appellán"
Sancti,Sancti/06-30.txt,128,In Commemoratione S. Pauli Apostoli,Lectio4,Lectio4-6,3,Augustinus Hipponensis,Cap. 6-7,Cap. 6-7,Ex libro sancti Augustíni Epíscopi de grátia et líbero arbítrio,"Apóstolus Paulus, quem certe invénimus sine ullis méritis bonis, immo cum multis méritis malis, Dei grátiam consecútum, reddéntis bona pro malis, videámus quid dicat, sua jam propi"
Sancti,Sancti/06-30.txt,159,In Commemoratione S. Pauli Apostoli,Lectio94,Lectio94,1,Augustinus Hipponensis,Cap. 6-7,Cap. 6-7,Ex libro sancti Augustíni Epíscopi de grátia et líbero arbítrio,"Apóstolus Paulus, quem certe invénimus sine ullis méritis bonis, immo cum multis méritis malis, Dei grátiam consecútum, reddéntis bona pro malis, videámus quid dicat, sua jam propi"
Sancti,Sancti/06-30.txt,169,In Commemoratione S. Pauli Apostoli,Lectio7,Lectio7-9,3,Ioannes Chrysostomus,Homiliae in Matthaeum,"Homilia 34 in Matth., longe post initium",Homilía sancti Joánnis Chrysóstomi,"Sed dícere vidétur: Nolíte turbári, si, cum vos inter lupos mitto, tamquam oves et colúmbas esse júbeo. Nam, etsi possum contrárium quoque præstáre, et non permíttere ut grave áliq"
Sancti,Sancti/07-01t.txt,13,In Octava S. Joannis Baptistæ,Lectio4,Lectio4-5,2,Maximus Taurinensis,Sermones,Homilia 3. in Nativ. S. Joannis Bapt.,Sermo sancti Maximi Epíscopi.,"Festivitatem præsentis diei, fratres carissimi, venerandi Joannis Baptistæ genuina nativitas consecravit: qui idcirco in hoc sæculum superna dispensatione directus est, ut non solu"
Sancti,Sancti/07-01t.txt,28,In Octava S. Joannis Baptistæ,Lectio7,Lectio7-9,3,Ambrosius Mediolanensis,Expositio evangelii secundum Lucam,"Lib. 2. in Luca3 cap. L, circa finem.",De Homilia sancti Ambrósii Epíscopi.,"Joannes est, inquit, nomen ejus. Non poterat Elisabeth Domini ignorare prænuntium, quæ prophetaverat Christum. Bene additur: Quia nemo in cognatione ejus vocabatur hoc nomine, ut i"
Sancti,Sancti/07-02.txt,86,,Lectio4,Lectio4-6,3,Ioannes Chrysostomus,Sermones,Apud Metaphr. mense Julio,Sermo sancti Joánnis Chrysóstomi,"Cum ad nos advenísset Redémptor nostri géneris, venit prótinus ad suum amícum Joánnem, dum adhuc esset in ventre matris. Quem cum ex útero in útero aspexísset Joánnes, términos nat"
Sancti,Sancti/07-02.txt,118,,Lectio7,Lectio7-8,2,Ambrosius Mediolanensis,Expositio evangelii secundum Lucam,"Liber 2 Comment. in Lucæ. cap. 1, post initium",Homilía sancti Ambrósii Epíscopi,"Contuéndum est, quia supérior venit ad inferiórem, ut inférior adjuvétur: María ad Elísabeth, Christus ad Joánnem. Dénique étiam póstea, ut sanctificáret baptísmum Joánnis, Dóminus"
Sancti,Sancti/07-03oct.txt,22,Quinta die infra Octavam Ss. Apostolorum Petri et Pauli,Lectio4,Lectio4,1,Leo Magnus,Sermones,"Ex Serm. 82. in natali Ss. Apost. Petri et Pauli, in fine.",De Sermone sancti Leonis Papæ.,"Pretiosa est in conspectu Domini mors sanctorum ejus: nec ullo crudelitatis genere destrui potest sacramento crucis Christi fundata religio. Non minuitur persecutionibus Ecclesia, "
Sancti,Sancti/07-04oct.txt,25,Sexta die infra Octavam Ss. Apostolorum Petri et Pauli,Lectio4,Lectio4,1,Ioannes Chrysostomus,Sermones,Sermo 32 in morali exhortat,De Expositióne sancti Joánnis Chrysóstomi in Epístolam ad Romános,"Cum Paulus Apóstolus grátiam Dómini nostri Jesu Christi, matrem ómnium bonórum, nobis precétur; réliquum est, ut nos tali patrocinio dignos exhibeamus, ut non hic solum vocem Pauli"
Sancti,Sancti/07-05.txt,34,S. Antonii Mariæ Zaccaria Confessoris,Lectio7,Lectio7-9,3,Augustinus Hipponensis,Sermones,Sermo 47 de diversis,Homilía sancti Augustíni Epíscopi,"Durum vidétur et grave quod Dóminus imperávit, ut, si quis eum vult sequi ábneget seípsum; sed non est durum nec grave quod ille ímperat, qui ádjuvat ut fiat quod ímperat. Nam illu"
Sancti,Sancti/07-06.txt,27,In Octava Ss. Apostolorum Petri et Pauli,Lectio4,Lectio4,1,Ioannes Chrysostomus,Sermones,Apud Metaphrasten,Sermo sancti Joánnis Chrysóstomi,"Quasnam vobis, o beáti Apóstoli, referémus grátias, qui tantum pro nobis laborastis? Mémini tui, Petre, et obstupesco: recordor tui, Paule, et excédens mente ópprimor lácrimis. Qui"
Sancti,Sancti/07-06.txt,42,In Octava Ss. Apostolorum Petri et Pauli,Lectio7,Lectio7-9,3,Hieronymus Stridonensis,Commentarii in Matthaeum,Liber 2 Comment. in cap. 14 Matth.,Homilía sancti Hierónymi Presbýteri,"Discípulis Dóminus præcepit transfretare, et cómpulit ut ascenderent naviculam. Quo sermóne osténditur, invitos eos a Dómino recessisse, dum amóre Præceptoris ne punctum quidem tém"
Sancti,Sancti/07-07.txt,58,Ss. Cyrilli et Methodii Pont. et Conf.,Lectio4,Lectio4,1,Leo Magnus,Litteræ Encyclicæ Leónis Papæ XIII,Litteræ Encyclicæ Leónis Papæ XIII,,"Cyrillus et Methodius fratres germani, Thessalonícæ amplíssimo loco nati, Constantinopolim mature concessérunt, ut in ipsa urbe Oriéntis príncipe humanitátis artes addíscerent. Ute"
Sancti,Sancti/07-10.txt,26,"Ss. Septem Fratrum Martyrum, ac Rufinæ et Secundæ Virginum et Martyrum",Lectio6,Lectio6,1,Augustinus Hipponensis,Sermones,Sermo 110 de diversis,Sermo sancti Augustíni Epíscopi,"Magnum spectaculum, fratres, positum est ante óculos fidei nostræ. Aure audívimus, corde vídimus optántem matrem ante se finire istam vitam fílios suos, longe contrariis votis cons"
Sancti,Sancti/07-10.txt,39,"Ss. Septem Fratrum Martyrum, ac Rufinæ et Secundæ Virginum et Martyrum",Lectio7,Lectio7-9,3,Gregorius Magnus,Homiliae in Evangelia,Homilia 3 in Evangelia,Homilía sancti Gregórii Papæ,"Sancti Evangélii, fratres caríssimi, brevis est léctio recitata, sed magnis mysteriórum pondéribus grávida. Jesus étenim, cónditor et redémptor noster, Matrem se nosse dissimulat, "
Sancti,Sancti/07-12.txt,36,S. Joannis Gualberti Abbatis,Lectio7,Lectio7-9,3,Hieronymus Stridonensis,Commentarii in Matthaeum,Liber 1 Comment. in cap. 5 Matth.,Homilía sancti Hierónymi Presbýteri,"Ego autem dico vobis: Dilígite inimícos vestros; benefácite his qui odérunt vos. Multi præcepta Dei, imbecillitate sua, non Sanctórum viribus æstimántes, putant esse impossibília q"
Sancti,Sancti/07-13.txt,23,S. Anacleti Papæ et Martyris,Lectio5,Lectio5,1,Ambrosius Mediolanensis,Sermones,Lectio v. Serm. 21.,De Expositione sancti Ambrósii Epíscopi in Psalmum centesimum decimum octavum.,"Principes persecuti sunt me gratis: et a verbis tuis trepidavit cor meum. Bene hoc Martyr dicit, quod injuste persecutionum tormenta sustineat: qui nihil rapuerit, nullum violentus"
Sancti,Sancti/07-13.txt,39,S. Anacleti Papæ et Martyris,Lectio94,Lectio94,1,Gregorius Magnus,Homiliae in Evangelia,Homil. 37. in Evangelia.,Homilia sancti Gregorii Papæ.,"Si consideremus fratres carissimi, quæ et quanta sunt, quæ nobis promittuntur in cælis, vilescunt animo omnia quæ habentur in terris. Terrena namque substantia supernæ felicitati c"
Sancti,Sancti/07-18.txt,58,S. Camilli de Lellis Confessoris,Lectio7,Lectio7-9,3,Augustinus Hipponensis,Tractatus in Iohannis Evangelium,Tractátus 83 in Joánnem,Homilía sancti Augustíni Epíscopi,"Quid putamus, fratres mei? numquidnam solum ejus de ista dilectióne mandátum est, qua dilígimus invicem? Nonne est et aliud majus, ut diligámus Deum? Aut vero de sola Deus nobis di"
Sancti,Sancti/07-20.txt,39,S. Hieronymi Æmiliani Confessoris,Lectio7,Lectio7-9,3,Ioannes Chrysostomus,Homiliae in Matthaeum,Homilia 62 in Matthæum,Homilía sancti Joánnis Chrysostomi,"Cur discípuli púeros abigebant? Dignitátis causa. Quid ergo ille? Ut doceat illos modeste sapere, fastumque mundanum conculcare, et suscipit, et ulnis complectitur, talibúsque regn"
Sancti,Sancti/07-22.txt,160,S. Mariæ Magdalenæ Pœnitentis,Lectio4,Lectio4-5,2,Gregorius Magnus,Homiliae in Evangelia,Homilia 25 in Evangelia,Sermo sancti Gregórii Papæ,"María Magdaléne, quæ fúerat in civitáte peccátrix, amándo veritátem, lavit lácrimis máculas críminis: et vox Veritátis implétur, qua dícitur: Dimíssa sunt ei peccáta multa, quia di"
Sancti,Sancti/07-22.txt,179,S. Mariæ Magdalenæ Pœnitentis,Lectio7,Lectio7,1,Augustinus Hipponensis,"Liber 50 Homilía 23, tom. 10","Liber 50 Homilía 23, tom. 10",Homilía sancti Augustíni Epíscopi,"Evangélium cum legerétur, attentíssime audístis; et res gesta narráta atque versáta est ante óculos cordis vestri. Vidístis enim, non carne, sed mente, Dóminum Jesum Christum in do"
Sancti,Sancti/07-23.txt,40,S. Apollinaris Episcopi et Martyris,Lectio7,Lectio7-9,3,Ambrosius Mediolanensis,Expositio evangelii secundum Lucam,"Liber 10 in Lucæ, cap. 22, post initium.",Homilía sancti Ambrósii Epíscopi.,"Regnum Dei non est de hoc mundo. Non ergo æqualitátis hómini ad Deum, sed similitúdinis æmulátio est. Solus enim Christus est plena imago Dei, propter expressam in se Paternæ clari"
Sancti,Sancti/07-25.txt,36,S. Jacobi Apostoli,Lectio7,Lectio7-9,3,Ioannes Chrysostomus,Homiliae in Matthaeum,Homilia 66 in Matthæum,Homilía sancti Joánnis Chrysóstomi,"Non turbétur quisquam, si ádeo imperféctos dícimus Apóstolos fuísse; nondum enim mystérium crucis erat consummátum, nondum grátia Spíritus in corda ipsórum infúsa. Quod si virtútem"
Sancti,Sancti/07-26.txt,24,S. Annæ Matris B.M.V.,Lectio4,Lectio4-5,2,Ioannes Damascenus,Sermones,"Oratio 2 de Nativ. B. Mariæ, prope finem",Sermo sancti Joánnis Damascéni,"Propónitur nobis Annæ thálamus, conjugális vitæ simul et virginitátis formam réferens, illam matris, hanc fíliæ: quarum áltera recens sterilitáte liberáta est, áltera autem aliquán"
Sancti,Sancti/07-29.txt,37,S. Marthæ Virginis,Lectio7,Lectio7,1,Augustinus Hipponensis,Sermones de verbis Domini,Sermo 20 de Verbis Domini,Homilía sancti Augustíni Epíscopi,"Verba Dómini nostri Jesu Christi, quæ modo ex Evangélio recitáta sunt, ádmonent nos, esse unum aliquid quo tendámus, quando in hujus sæculi multitúdine laboramus. Téndimus autem ad"
Sancti,Sancti/08-01.txt,127,S. Petri ad Vincula,Lectio7,Lectio7-8,2,Augustinus Hipponensis,Sermones,"Ex serm. 29 de Sanctis, in medio",Homilía sancti Augustíni Epíscopi,"Solus Petrus inter Apóstolos méruit audíre: Amen dico tibi, quia tu es Petrus, et super hanc petram ædificábo Ecclésiam meam; dignus certe, qui ædificándis in domo Dei pópulis lapi"
Sancti,Sancti/08-03.txt,75,De Inventione S. Stephani Protomartyris,Lectio6,Lectio6,1,Augustinus Hipponensis,"Liber 22, cap. 8, circa medium","Liber 22, cap. 8, circa medium",Ex libro sancti Augustíni Epíscopi de Civitáte Dei,"Ad aquas Tibilitanas, episcopo afferénte Projecto relíquias Mártyris gloriosíssimi Stephani, ad ejus memóriam veniebat magnæ multitúdinis concursus et occúrsus. Ibi cæca mulier, ut"
Sancti,Sancti/08-06.txt,150,,Lectio4,Lectio4-5,2,Leo Magnus,Sermones,"Sermo de Transfiguratione, ante medium",Sermo sancti Leónis Papæ,"Aperit Dóminus coram eléctis téstibus glóriam suam, et commúnem illam cum céteris córporis formam tanto splendóre claríficat, ut et fácies ejus solis fulgóri símilis, et vestítus c"
Sancti,Sancti/08-06.txt,185,,Lectio7,Lectio7-9,3,Ioannes Chrysostomus,Homiliae in Matthaeum,"Homilia 57 in Matth., in init.",Homilía sancti Joánnis Chrysóstomi,"Quóniam multa de perículis, multa de passióne sua, multa de morte et de cæde discipulórum locútus est Dóminus, et áspera complúra atque árdua eis injúnxit; et illa quidem in præsén"
Sancti,Sancti/08-07.txt,41,S. Cajetani Confessoris,Lectio7,Lectio7-8,2,Augustinus Hipponensis,Sermones,"Liber 2 de Sermóne Dómini in monte, cap. 14",Homilía sancti Augustíni Epíscopi,"Nemo potest duobus dóminis servire. Ad hanc ipsam intentiónem referéndum est quod consequenter exponit, dicens: Aut enim unum ódio habebit, et álterum diliget; aut álterum patiétur"
Sancti,Sancti/08-08.txt,23,"Ss. Cyriaci, Largi et Smaragdi Martyrum",Lectio5,Lectio5,1,Ioannes Chrysostomus,Sermones,"Sermo 1 de Martyribus, tom. 3.",Sermo sancti Joánnis Chrysóstomi,"Nemo est, qui nesciat, Mártyrum glorias ad hoc divino consílio a Dei pópulis frequentári, ut et illis débitus honor dicétur, et nobis virtútis exémpla, favénte Christo, monstréntur"
Sancti,Sancti/08-08.txt,39,"Ss. Cyriaci, Largi et Smaragdi Martyrum",Lectio7,Lectio7-9,3,Gregorius Magnus,Homiliae in Evangelia,"Homilia 29 in Evangelia, post initium",Homilía sancti Gregórii Papæ,Potest omnis creaturæ nómine omnis natio Géntium designari. Ante enim dictum fuerat: In viam Géntium ne abieritis; nunc autem dícitur: Prædicate omni creaturæ: ut scilicet prius a 
Sancti,Sancti/08-09t.txt,26,In Vigilia S. Laurentii Mart.,Lectio1,Lectio1-3,3,Gregorius Magnus,Homiliae in Evangelia,Homilia 32 in Evangelia,Homilía sancti Gregórii Papæ,"Quia Dóminus ac Redémptor noster novus homo veni in mundum, nova præcépta dedit mundo. Vitæ étenim nostræ véteri, in vítiis enutrítæ, contrarietátem oppósuit novitátis suæ. Quid en"
Sancti,Sancti/08-10.txt,118,S. Laurentii Martyris,Lectio4,Lectio4-6,3,Leo Magnus,Sermones,"In Natali S. Laurentii, post initium",Sermo sancti Leónis Papæ,"Cum furor gentílium potestátum in electíssima quæque Christi membra sævíret, ac præcípue eos qui órdinis erant sacerdotális impéteret, in levítam Lauréntium, qui non solum ministér"
Sancti,Sancti/08-10.txt,153,S. Laurentii Martyris,Lectio7,Lectio7-9,3,Augustinus Hipponensis,Tractatus in Iohannis Evangelium,"Tract. 51 in Joannem, sub medium",Homilía sancti Augustíni Epíscopi,"Ipse Dóminus Jesus erat granum mortificándum et multiplicándum; mortificándum infidelitáte Judæórum, multiplicándum fide populórum. Jam vero exhórtans ad passiónis suæ sectánda ves"
Sancti,Sancti/08-11oct.txt,14,Secunda die infra Octavam S. Laurentii Martyris,Lectio4,Lectio4,1,Augustinus Hipponensis,Sermones,Serm. 30. de Sanctis.,Sermo sancti Augustíni Epíscopi.,"Beatissimi Laurentii Martyris, cujus natalem hodie celebramus, passionem nosse vos credo: et quanta in persecutione pertulerit, dilectionem vestram scire posse non dubito. Tanta en"
Sancti,Sancti/08-11oct.txt,38,Secunda die infra Octavam S. Laurentii Martyris,Lectio7,Lectio7-8,2,Augustinus Hipponensis,Tractatus in Iohannis Evangelium,"Ex Tract. 51. in Joann., post supra.",De Homilía sancti Augustíni Epíscopi.,"Cum ergo causæ articulus venerit, ut hæc conditio proponatur, aut faciendum esse contra Dei præceptum, aut ex hac vita emigrandum; quorum duorum homo si cogatur alterum eligere, co"
Sancti,Sancti/08-13oct.txt,13,Quarta die infra Octavam S. Laurentii Martyris,Lectio4,Lectio4,1,Ambrosius Mediolanensis,"Lib. 1., cap. 41., in medio.","Lib. 1., cap. 41., in medio.",Ex libro Officiorum S. Ambrósii Epíscopi.,"Non prætereamus sanctum Laurentium, qui cum videret episcopum suum ad martyrium duci, flere cœpit non passionem illius, sed suam remansionem. Itaque his verbis appellare cœpit: Quo"
Sancti,Sancti/08-13oct.txt,20,Quarta die infra Octavam S. Laurentii Martyris,Lectio5,Lectio5,1,Unklarer Autor,"Lib. 2., cap. 28., post medium.","Lib. 2., cap. 28., post medium.",,"A quo cum quærerantur thesauri Ecclesiæ, promisit se demonstraturum. Sequenti die pauperes duxit. Interrogatus ubi essent thesauri quos promiserat, ostendit pauperes, dicens: Hi su"
Sancti,Sancti/08-13oct.txt,38,Quarta die infra Octavam S. Laurentii Martyris,Lectio7,Lectio7-8,2,Augustinus Hipponensis,Tractatus in Iohannis Evangelium,"Ex Tract. 51 in Joánnem, prope finem.",De Homilia sancti Augustíni Epíscopi.,"Minister est Christi usque ad illud opus magnæ caritatis, quod est animam suam pro fratribus ponere: hoc est enim et pro Christo ponere, quia et hoc propter sua membra dicturus est"
Sancti,Sancti/08-14.txt,24,,Lectio1_,Lectio1,1,Ioannes Chrysostomus,In Joann. c. 2,"In Joann. c. 2 Homilia 20, circa finem",Homilía sancti Joánnis Chrysóstomi,"Cum audíeris mulíerem illam dicéntem: Beátus venter qui te portávit, et úbera quæ tu suxísti; deínde Dóminum respondéntem: Quinímmo beáti qui áudiunt verbum Dei et custódiunt illud"
Sancti,Sancti/08-14.txt,38,,Lectio1t,Lectio1-3,3,Augustinus Hipponensis,Tractatus in Iohannis Evangelium,"Tract. 10 in Joann., post init.",Homilia sancti Augustíni Epíscopi,"Beata Virgo Maria, quia fecit voluntatem Patris. Hoc in ea magnificavit Dominus, quia fecit voluntatem Patris, non quia caro gonuit carnem. Intendat caritas vestra. Propterea cum D"
Sancti,Sancti/08-14oct.txt,13,Quinta die infra Octavam S. Laurentii Martyris,Lectio4,Lectio4,1,Maximus Taurinensis,Sermones,Homilia 1 de S. Laurentio,Sermo sancti Maximi Epíscopi,"Sanctum est, fratres, ac Deo placitum, ut natalem beati Laurentii præcipua devotione veneremur: cujus radiantibus flammis victrix in hunc quoque diem toto orbe Christi coruscat Ecc"
Sancti,Sancti/08-14oct.txt,37,Quinta die infra Octavam S. Laurentii Martyris,Lectio7,Lectio7-8,2,Ioannes Chrysostomus,Homiliae,"Homilia 65. in Joánnem, post med.",Homilía sancti Joánnis Chrysóstomi,"Talem, de resurrectione disputans, rationem Paulus étiam attulit. Quam igitur habebunt excusationem qui resurrectionem non credunt, cum in seminibus et in plantis quotidie hoc vide"
Sancti,Sancti/08-15t.txt,117,,Lectio4_,Lectio4,1,Ioannes Damascenus,Sermones,"Oratio 2 de Dormit. B. M. V., post init.",Sermo sancti Joánnis Damascéni,"Hódie sacra et animáta arca Dei vivéntis, quæ suum in útero concépit Creatórem, requiéscit in templo Dómini, quod nullis est exstrúctum mánibus. Et David exsúltat ejus parens, et c"
Sancti,Sancti/08-15t.txt,124,,Lectio4,Lectio4-5,2,Athanasius Alexandrinus,Sermones,De Assumptione?,Sermo S. Athanasii Episcopi,"Hodie regina assistes a dextris filii ubique regnantis, quasi in vestitu deaurato, incorruptionis, et immortalitatis circumamicta varietate, sacris et sollemnibus verbis celebratur"
Sancti,Sancti/08-15t.txt,158,,Lectio7,Lectio7-9,3,Augustinus Hipponensis,Sermones,Serm. 27 de Verb. Dom. t. 10,Homilia sancti Augustíni Epíscopi,"Sanctum Evangelium cum legeretur, audivimus a femina religiosa susceptum esse Dominum hospitio, eaque Martha vocabatur. Et cum esset ipsa occupata in cura ministrandi, soror ejus M"
Sancti,Sancti/08-16bmv.txt,66,Secunda die infra Octavam Assumptionis Beatæ Mariæ Virginis,Lectio7,Lectio7-9,3,Augustinus Hipponensis,...,...,De Homilia sancti Augustíni Epíscopi,Quid autem putamus nos reprebensum esse ministerium Marthæ ... uni instet scientiæ.
Sancti,Sancti/08-17t.txt,21,In Octava S. Laurentii Martyris,Lectio4,Lectio4-5,2,Augustinus Hipponensis,Tractatus 27. in fine.,Tractatus 27. in fine.,Ex Tractatu sancti Augustíni Epíscopi in Joánnem.,"Certi sumus, fratres, quia omnes, qui sumus in corpore Domini, et manemus in illo, ut et ipse maneat in nobis, in hoc sæculo necesse habemus usque in finem inter malos vivere; non "
Sancti,Sancti/08-17t.txt,36,In Octava S. Laurentii Martyris,Lectio7,Lectio7-9,3,Ioannes Chrysostomus,Homiliae,Homilia 66. in Joánnem.,Homilia sancti Joannis Chrysostomi.,"Dulcis præsens vita est, et multæ plena voluptatis, non tamen omnibus, sed iis tantum, qui illi sunt affixi. Quod si quis in cælum suspexerit, et quæ ibi præclara sunt, contemplatu"
Sancti,Sancti/08-18bmv.txt,70,Quarta die infra Octavam S. Assumptionis Beatæ Mariæ Virginis,Lectio4o,Lectio4,1,Ioannes Damascenus,Sermones,Orat. 2 de drom. Deiparæ,Sermo sancti Joannis Damasceni,"Jubilemus in arca Domini Dei toto animo, et muri cadent Hiericontini, contrariarum, inquam potestatum infestæ munitiones. Cum David exsultemus spiritu. Arca enim Domini hodie requi"
Sancti,Sancti/08-18bmv.txt,80,Quarta die infra Octavam S. Assumptionis Beatæ Mariæ Virginis,Lectio4t,Lectio4-5,2,Ioannes Damascenus,Sermones,"Orat. 2 de Dormitione Deiparæ, sub finem",De Sermone sancti Joannis Damasceni,"Ex antíqua accépimus traditióne, quod témpore gloriósæ dormitiónis beátæ Virginis, univérsi quidem sancti Apóstoli, qui orbem terræ ad salútem Géntium peragrábant, moménto témporis"
Sancti,Sancti/08-19bmv.txt,57,Quinta die infra Octavam S. Assumptionis Beatæ Mariæ Virginis,Lectio4,Lectio4-6,3,Bernardus Claraevallensis,Sermones,Serm. 1. de Assumpt. B. M. V.,Sermo sancti Bernardi Abbatis,"Ergo hodie gloriosa cælos ascendens, supernorum gaudia civium copiosis sine dubio cumulavit augmentis. Hæc est enim cujus salutati(5nis vox et ipsos exsultare facit in gaudio, quos"
Sancti,Sancti/08-19bmv.txt,90,Quinta die infra Octavam S. Assumptionis Beatæ Mariæ Virginis,Lectio7,Lectio7-9,3,Augustinus Hipponensis,Sermones,Ex Serm. 27. de Verbis Dom.,De Homilia sancti Augustíni Epíscopi.,"Transit labor multitudinis, et remanet caritas unitatis. Ergo quod elegit Maria, non auferetur ab ea: a te autem Martha, quod elegisti; utique hoc sequitur, utique hoc subintelhgit"
Sancti,Sancti/08-21bmv.txt,52,Septima die infra Octavam Assumptionis Beatæ Mariæ Virginis,Lectio4,Lectio4-6,3,Bernardus Claraevallensis,Sermones,Sermo 1 de Assumpt. B. M. V. n. 1,Sermo sancti Bernardi Abbátis,"Virgo, hódie gloriósa cælos ascendens, supernorum gaudiæ civium copiósis sine dúbio cumulávit augméntis. Hæc est enim, cujus salutatiónis vox et ipsos exsultáre facit in gáudio, qu"
Sancti,Sancti/08-22t.txt,41,,Lectio4,Lectio4,1,Bernardus Claraevallensis,Sermones,"Serm. 4. de Assumptione, circa med.",De Sermone sancti Bernardi Abbatis.,"Non est equidem quod me magis delectet, sed nec est quod terreat magis, quam de gloria Virginis Mariæ habere sermonem. Ecce enim si in ea laudavero virginitatem, mihi multæ virgine"
Sancti,Sancti/08-22t.txt,74,,Lectio7,Lectio7-8,2,Bernardus Claraevallensis,Sermones,Serm. 2. de Assumpt. B. M. V.,Homilia sancti Bernardi Abbatis,"Quid introisse eum dicimus in castellum? Etiam in angustissimum virginalis uteri diversorium introivit. Denique et mulier quædam excepit illum in domum suam. Felix mulier, cujus do"
Sancti,Sancti/08-24.txt,46,S. Bartholomæi Apostoli,Lectio7,Lectio7-9,3,Ambrosius Mediolanensis,Expositio evangelii secundum Lucam,"Lib. 5 Comment. in Luc. cap. 6, post initium",Homilía sancti Ambrósii Epíscopi,"Omnes magni, omnes sublímes montem ascéndunt. Non enim cuicúmque prophéta dicit: Ascénde in montem excélsum, qui evangelízas Sion: exálta in virtúte vocem tuam, qui evangelízas Jer"
Sancti,Sancti/08-27.txt,36,S. Josephi Calasanctii Confessoris,Lectio7,Lectio7-9,3,Ioannes Chrysostomus,Homiliae in Matthaeum,In cap. 18. Matth. Hom. 60.,Homilia sancti Joannis Chrysostomi.,"Videte ne aliquem istorum contempseritis parvulorum, quia eorum Angeli Patris mei faciem semper aspiciunt, et quia ego propter eos veni, et hæc Patris mei voluntas est. Ad tuendos "
Sancti,Sancti/08-29.txt,75,In Decollatione S. Joannis Baptistæ,Lectio4,Lectio4-6,3,Ambrosius Mediolanensis,Lib. 3 post initium.,Lib. 3 post initium.,Ex libro sancti Ambrósii Epíscopi de Virgínibus,"Quóniam beáti Joánnis Baptistæ non strictim prætereunda est recordátio, interest ut quis et a quibus et quam ob causam, quo modo et quo témpore sit occisus, advertere debeamus. Ab "
Sancti,Sancti/08-29.txt,113,In Decollatione S. Joannis Baptistæ,Lectio7,Lectio7-8,2,Augustinus Hipponensis,Sermones,Sermo 10 in novis. Serm.,Homilía sancti Augustíni Epíscopi,"Cum sanctum Evangélium legerétur, crudele spectaculum ante óculos nostros constitutum est: caput sancti Joánnis in disco, feralis missus crudelitátis propter ódium veritátis. Puell"
Sancti,Sancti/09-08.txt,83,,Lectio4,Lectio4-6,3,Augustinus Hipponensis,Sermones,"Sermo 18 de Sanctis, qui est 2 de Annunt. Dominica",Sermo sancti Augustíni Epíscopi,"Adest nobis, dilectíssimi, optátus dies beátæ ac venerábilis semper Vírginis Maríæ; ídeo cum summa exsultatióne gáudeat terra nostra, tantæ Vírginis illustráta natáli. Hæc est enim"
Sancti,Sancti/09-08.txt,118,,Lectio7,Lectio7,1,Hieronymus Stridonensis,Commentarii in Matthaeum,"Liber 1 Comment. in Matth., in initium",Homilía sancti Hierónymi Presbýteri,"In Isaía légimus: Generatiónem ejus quis enarrábit? Non ergo putémus Evangelístam Prophétæ esse contrárium, ut quod ille impossíbile dixit effátu, hic narráre incípiat: quia ibi de"
Sancti,Sancti/09-09bmv.txt,12,,Lectio4,Lectio4-5,2,Augustinus Hipponensis,Sermones,"Serm. 18. de Sanctis, in med.",De Sermone sancti Augustíni Epíscopi.,"Exsultat Maria, et matrem se læta miratur, et de Spiritu sancto se peperisse gaudet; nec quia peperit innupta, terretur; sed quia genuerit, cum exsultatione miratur. O femina super"
Sancti,Sancti/09-09bmv.txt,36,,Lectio7,Lectio7-8,2,Hieronymus Stridonensis,Commentarii in Matthaeum,Lib. 1. Comm. in Matth.,De Homilia sancti Hierónymi Presbýteri.,"Jacob autem genuit Joseph. Hunc locum objecit nobis Julianus Augustus de dissonantia Evangelistarum, cur Evangelista Matthæus Joseph dixerit filium Jacob, et Lucas eum filium appel"
Sancti,Sancti/09-11bmv.txt,11,,Lectio4,Lectio4-6,3,Bernardus Claraevallensis,Sermones,"Sermo in cap. 12. Apocalypsis, ante medium.",Sermo sancti Bernardi Abbatis.,"Novum fecit Dominus super terram, ut mulier circumdaret virum, nec alium quam Christum, de quo dicitur: Ecce vir, Oriens nomen ejus. Novum quoque fecit in cælo, ut mulier sole appa"
Sancti,Sancti/09-11bmv.txt,35,,Lectio7,Lectio7-8,2,Hilarius Pictaviensis,Comment. in Matth. can. 1.,Comment. in Matth. can. 1.,Homilia sancti Hilarii Epíscopi.,"Gressus quem Matthæus in ordine regiæ successionis ediderat, et quem Lucas per sacerdotalem ordinem dinumerat, uterque agnationem in Domino utriusque tribus significat, et rectæ ge"
Sancti,Sancti/09-12bmv.txt,11,,Lectio4,Lectio4-5,2,Ioannes Chrysostomus,Sermones,Apud Metaphrast.,Sermo Sancti Joánnis Chrysóstomi.,"Dei Fílius non díuitem, aut locuplétem áliquam féminam sibi matrem elégit, sed beátam vírginem illa, cujus ánima virtútibus ornáta erat. Cum enim beáta María supra omnem humánam na"
Sancti,Sancti/09-12bmv.txt,26,,Lectio7,Lectio7-9,3,Hilarius Pictaviensis,"Comment. in Matthaei, cap. 1.","Comment. in Matthaei, cap. 1.",De Homilia sancti Hilarii Epíscopi.,"Non refert quis in originis numero atque ordine collocetur, dummodo universorum familia cœpta esse intelligatur ab uno. Itaque cum ejusdem tribus sit Joseph et Maria, dum profectus"
Sancti,Sancti/09-13bmv.txt,11,,Lectio4,Lectio4-6,3,Epiphanius Salaminensis,Lib. 3. hæresi 78. post medium.,Lib. 3. hæresi 78. post medium.,Ex libro sancti Epiphanii Epíscopi adversus hæreses,"Beata Mater Dei Maria per Hevam significatur, quæ per ænigma accepit, ut mater viventium vocetur. Illa etenim mater viventium vocata est, étiam postquam audivit: Terra es, et in te"
Sancti,Sancti/09-13bmv.txt,35,,Lectio7,Lectio7-8,2,Augustinus Hipponensis,Lib. 2. de consensu Evangelist. Cap. 1.,Lib. 2. de consensu Evangelist. Cap. 1.,Homilia S. Augustíni Epíscopi.,"Matthæus Evangelista sic orsus est: Liber generationis Jesu Christi filii David, filii Abraham. Quo exordio suo satis ostendit generationem Christi secundum carnem se suscepisse na"
Sancti,Sancti/09-13bmv.txt,48,,Lectio9,Lectio9,1,Unklarer Autor,Cap. 2.,Cap. 2.,,"Cum autem evidenter dicat Apostolus Paulus ex semine David secundum carnem Christum; ipsam quoque Mariam de stirpe David aliquam consanguinitatem duxisse, dubitare utique non debem"
Sancti,Sancti/09-14.txt,102,,Lectio7,Lectio7,1,Leo Magnus,Sermones,"Sermo 8 de Passione Domini, post medium",Homilía sancti Leónis Papæ,"Exaltáto, dilectíssimi, per Crucem Christo, non illa tantum spécies aspéctui mentis occúrrat, quæ fuit in óculis impiórum, quibus per Móysen dictum est: Et erit pendens vita tua an"
Sancti,Sancti/09-15t.txt,27,,Lectio4o,Lectio4-5,2,Cyrillus Alexandrinus,Sermones,Homilia contra Nestorium.,Sermo sancti Cyrilli Epíscopi Alexandrini.,"Hilarem video hodie cœtum fidelium omnium, qui convenerunt promptis animis, a sancta et Dei Matre Maria semper Virgine convocati. Laus et gloria sit tibi sancta Trinitas, quod omne"
Sancti,Sancti/09-15t.txt,52,,Lectio7,Lectio7-8,2,Ioannes Chrysostomus,Homiliae in Matthaeum,"Homil. 2. in Matth., post init.",Homilia sancti Joannis Chrysostomi.,"Auditu quidem mirabile est quod ineffabilis Deus, et qui nec sermonibus explicari potest, nec cogitationibus comprehendi, Patrique per omnia coæqualis, per Virginis ad nos venit ut"
Sancti,Sancti/09-16.txt,24,"Ss. Cornelii Papæ et Cypriani Episcopi, Martyrum",Lectio6,Lectio6,1,Hieronymus Stridonensis,Cap. 67,Cap. 67,Ex libro sancti Hierónymi Presbýteri de Scriptóribus ecclesiásticis,"Cyprianus, Afer, primum gloriose rhetoricam docuit. Exinde, suadénte presbytero Cæcílio, a quo et cognoméntum sortitus est, christianus factus, omnem substantiam suam paupéribus er"
Sancti,Sancti/09-17.txt,59,Impressionis Stigmatum S. Francisci,Lectio4,Lectio4-6,3,Bonaventura,Legenda S. Francisci cap. 13,Legenda S. Francisci cap. 13,Ex Commentariis sancti Bonaventuræ Episcopi,"Fidelis revera famulus et minister Christi, Franciscus, biennio antequam spíritum redderet cælo, cum in loco excélso seorsum, qui mons Alverniæ dícitur, quadragenárium ad honórem A"
Sancti,Sancti/09-18.txt,71,S. Josephi de Cupertino Confessoris,Lectio7,Lectio7-9,3,Gregorius Magnus,"Liber 2 Homiliar. Hom. 38, circa medium","Liber 2 Homiliar. Hom. 38, circa medium",Homilía sancti Gregórii Papæ,"Quia jam, largiénte Dómino, nuptiárum domum, id est, sanctam Ecclésiam intrastis, solerter, fratres, aspicite, ne aliquid de mentis vestræ habitu rex ingrédiens reprehéndat. Cum ma"
Sancti,Sancti/09-19.txt,41,S. Januarii Episcopi et Sociorum Martyrum,Lectio7,Lectio7-9,3,Hilarius Pictaviensis,Comment. in Matth. cap. 25,Comment. in Matth. cap. 25,Homilía sancti Hilarii Epíscopi,"Discipuli Dóminum intérrogant quando hæc fíerent, quodve signum et adventus sui et consummatiónis sæculi nóscerent. Et, quia tria hæc in unum quæsíta sunt, distinctis et témporis e"
Sancti,Sancti/09-20o.txt,29,In Vigilia S. Matthæi Ap.,Lectio1_,Lectio1,1,Ambrosius Mediolanensis,Expositio evangelii secundum Lucam,Liber 5 Comment. in Lucæ Cap. 5 post initium,Homilía sancti Ambrósii Epíscopi.,"Sequitur mystica est hæc vocátio publicani, quem sequi jubet, non corporis gressu, sed mentis afféctu. Itaque ille, prius avara de mercédibus, dura de labóribus periculisque nautár"
Sancti,Sancti/09-21.txt,36,S. Matthæi Apostoli et Evangelistæ,Lectio7,Lectio7-8,2,Hieronymus Stridonensis,Commentarii in Matthaeum,Liber 1 Comment. in Matth. cap. 9,Homilía sancti Hierónymi Presbýteri,"Céteri Evangelístæ, propter verecúndiam et honórem Matthǽi, noluérunt eum nómine appelláre vulgáto, sed dixérunt, Levi; dúplici quippe vocábulo fuit. Ipse autem Matthǽus (secúndum "
Sancti,Sancti/09-23.txt,25,S. Lini Papæ et Martyris,Lectio5,Lectio5,1,Ambrosius Mediolanensis,Sermones,Sermone 21,De Expositióne sancti Ambrósii Epíscopi in Psalmum centésimum décimum octavum.,"Príncipes persecúti sunt me gratis: et a verbis tuis trepidávit cor meum. Bene hoc Martyr dicit, quod injúste persecutiónum torménta sustineat; qui nihil rapúerit, nullum violentus"
Sancti,Sancti/09-28.txt,34,S. Wenceslai Ducis et Martyris,Lectio7,Lectio7-9,3,Hilarius Pictaviensis,"Comment. in Matth., can. 10","Comment. in Matth., can. 10",Homilía sancti Hilárii Epíscopi,"Quæ ista divísio est? inter prima enim legis præcépta accépimus: Honóra patrem tuum et matrem tuam; et ipse Dóminus ait: Pacem meam do vobis, pacem meam relínquo vobis. Quid sibi v"
Sancti,Sancti/09-29.txt,41,In Dedicatione S. Michaëlis Archangelis,Lectio4,Lectio4,1,Gregorius Magnus,Sermones,Homil. 34 in Evang. ante medium,Sermo sancti Gregórii Papæ,"Novem Angelórum órdines dícimus, quia vidélicet esse, testánte sacro elóquio, scimus: Angelos, Archángelos, Virtútes, Potestátes, Principátus, Dominatiónes, Thronos, Chérubim atque"
Sancti,Sancti/09-29.txt,56,In Dedicatione S. Michaëlis Archangelis,Lectio7,Lectio7-9,3,Hieronymus Stridonensis,Commentarii in Matthaeum,Lib. 3 Comm. in cap. 18 Matth.,Homilía sancti Hierónymi Presbýteri,"Post invéntum statérem, post tribúta réddita, quid sibi vult Apostolórum repentína interrogátio, Quis, putas, major est in regno cælórum? Quia víderant pro Petro et Dómino idem tri"
Sancti,Sancti/09-30.txt,51,S. Hieronymi Presbyteris Confessoris et Ecclesiæ Doctoris,Lectio7,Lectio7-9,3,Hieronymus Stridonensis,Commentarii in Matthaeum,Liber 1 Comment. in cap. 5 Matth.,Homilía S. Hierónymi Presbýteri,"Sal appellántur Apóstoli et Doctores; quia per illos univérsum hóminum condítur genus. Quod si sal evanúerit, in quo saliétur? Si doctor erraverit, a quo alio doctore emendábitur? "
Sancti,Sancti/10-02.txt,130,Ss. Angelorum Custodum,Lectio4,Lectio4-6,3,Bernardus Claraevallensis,Sermones,In Psalmum Qui habitat,Sermo sancti Bernárdi Abbátis,"Angelis suis mandávit de te. Mira dignátio, et vere magna diléctio caritátis. Quis enim? quibus? de quo? quid mandávit? Studióse considerémus, fratres, diligénter commendémus memór"
Sancti,Sancti/10-02.txt,165,Ss. Angelorum Custodum,Lectio7,Lectio7-9,3,Hilarius Pictaviensis,"Comment. in Matth. can. 18, post initium","Comment. in Matth. can. 18, post initium",Homilía sancti Hilarii Epíscopi,"Nónnisi revérsos in natúram puerórum introíre regnum cælórum Dóminus docet: id est, per simplicitátem puerílem vítia córporum nostrórum animǽque revocánda. Púeros autem, credéntes "
Sancti,Sancti/10-18.txt,23,S. Lucæ Evangelistæ,Lectio4,Lectio4-5,2,Hieronymus Stridonensis,Cap. 7,Cap. 7,Ex libro sancti Hierónymi Presbýteri de Scriptóribus Ecclesiásticis,"Lucas médicus Antiochénsis ut ejus scripta índicant, Græci sermónis non ignárus, fuit sectátor Apóstoli Pauli, et omnis peregrinatiónis ejus comes. Scripsit Evangélium, de quo idem"
Sancti,Sancti/10-28.txt,47,Ss. Simonis et Judæ Apostolorum,Lectio7,Lectio7-9,3,Augustinus Hipponensis,Tractatus in Iohannis Evangelium,Tractatus 87 in Joannem,Homilía sancti Augustíni Epíscopi,"In lectióne evangélica quæ hanc antecédit, díxerat Dóminus: Non vos me elegístis; sed ego elégi vos et pósui vos, ut eátis, et fructum afferátis, et fructus vester máneat: ut quodc"
Sancti,Sancti/11-01.txt,194,Omnium Sanctorum,Lectio4,Lectio4-5,2,Beda Venerabilis,Sermones,Sermo 18 de Sanctis,Sermo sancti Bedæ Venerábilis Presbýteri,"Hódie, dilectíssimi, ómnium Sanctórum sub una solemnitátis lætítia celebrámus festivitátem: quorum societáte cælum exsúltat, quorum patrocíniis terra lætátur, triúmphis Ecclésia sa"
Sancti,Sancti/11-01.txt,218,Omnium Sanctorum,Lectio7,Lectio7,1,Augustinus Hipponensis,Sermones,"Lib. 1 de Sermone Domini in monte, sub initium",Homilía sancti Augustíni Epíscopi,"Si quǽritur quid signíficet mons, bene intellégitur significáre majóra præcépta justítiæ, quia minóra erant quæ Judǽis data sunt. Unus tamen Deus per sanctos prophétas et fámulos s"
Sancti,Sancti/11-02oct.txt,17,Secunda die infra Octavam Omnium Sanctorum,Lectio4,Lectio4,1,Beda Venerabilis,Sermones,Ex Sermone 18. de Sanctis.,De Sermone Venerabilis Bedæ Presbýteri.,"Quam laxo sinu de prælio revertentes civitas cælestis excipit, de hoste prostrato trophæa ferentibus occurrit. Cum triumphantibus viris et feminæ veniunt, quæ cum sæculo sexum quoq"
Sancti,Sancti/11-02oct.txt,32,Secunda die infra Octavam Omnium Sanctorum,Lectio7,Lectio7,1,Augustinus Hipponensis,Sermones,Ex Lib. 1. de Serm. Domini in monte. Cap. 1. et 2.,De Homilia sancti Augustíni Epíscopi.,"Nec aliunde omnino incipere oportuit beatitudinem, quam a paupertate spiritus, siquidem perventura est ad summam sapientiam. Initium autem sapientiæ timor Domini: quoniam et e cont"
Sancti,Sancti/11-03oct.txt,16,Tertia die infra Octavam Omnium Sanctorum,Lectio4,Lectio4-5,2,Beda Venerabilis,Sermones,Sermo 18 de Sanctis.,De Sermóne sancti Bedæ Venerábilis Presbýteri,"Nulla erit tunc usquam discordia, sed cuncta consona, cuncta convenientia, quia omnium erit Sanctorum una concordia, pax cuncta et lætitia continet. Tranquilla sunt omnia et quieta"
Sancti,Sancti/11-03oct.txt,31,Tertia die infra Octavam Omnium Sanctorum,Lectio7,Lectio7-8,2,Augustinus Hipponensis,Sermones,Ex Lib. 1. de Serm. Domini in monte. Cap. 2.et 3.,De Homilia S. Augustíni Epíscopi.,"Beati mundo corde: quoniam ipsi Deum videbunt. Quam ergo stulti sunt, qui Deum istis exterioribus oculis quærunt, cum corde videatur, sicut alibi scriptum est: Et in simplicitate c"
Sancti,Sancti/11-05oct.txt,15,Quinta die infra Octavam Omnium Sanctorum,Lectio4,Lectio4-5,2,Beda Venerabilis,Sermones,Ex Sermone 18 de Sanctis,De Sermone sancti Bedæ Venerabilis Presbýteri,"Ad hanc igitur operum salutarium delectet nos pervenire palmam. Libenter ac prompte certemus, omnes in agone justitiæ Deo et Christo spectante curramus; et qui sæculo et mundo majo"
Sancti,Sancti/11-05oct.txt,30,Quinta die infra Octavam Omnium Sanctorum,Lectio7,Lectio7,1,Augustinus Hipponensis,Sermones,"Liber 1 de Sermone Domini in monte, cap. 3 et 4",De Homilia sancti Augustíni Epíscopi,"Itaque in hoc tertio gradu, in quo scientia est, lugetur amissio summi boni, quia inhæretur extremis. In quarto autem gradu labor est: ubi vehementer incumbitur, ut sese animus ave"
Sancti,Sancti/11-06oct.txt,16,Sexta die infra Octavam Omnium Sanctorum,Lectio4,Lectio4,1,Bernardus Claraevallensis,Sermones,Serm. 2 de Festo Omn. Sanct.,Sermo sancti Bernardi Abbatis,"Quia Sanctorum omnium festivam hodie, dilectissimi, omnique dignissimam devotione memoriam celebramus, operæ pretium puto, de communi eorum felicitate, in qua beata jam requie perf"
Sancti,Sancti/11-06oct.txt,20,Sexta die infra Octavam Omnium Sanctorum,Lectio5,Lectio5,1,Unklarer Autor,Sermones,"Sermo 5. de eodem Festo, circa medium.",,"Ad quid ergo Sanctis laus nostra? ad quid glorificatio nostra? ad quid nostra hæc ipsa solemnitas? Quo eis terrenos honores, quos juxta veracem Filii promissionem honorificat Pater"
Sancti,Sancti/11-06oct.txt,32,Sexta die infra Octavam Omnium Sanctorum,Lectio7,Lectio7,1,Augustinus Hipponensis,Sermones,"Liber 1. de Sermone Domini in monte, Cap. 4.",De Homilia sancti Augustíni Epíscopi,"Quapropter, si gradatim tamquam ascendentes numeremus, primus ibi est timor Dei, secunda pietas, tertia scientia, quarta fortitudo, quintum consilium, sextus intellectus, septima s"
Sancti,Sancti/11-07oct.txt,16,Septima die infra Octavam Omnium Sanctorum,Lectio4,Lectio4-6,3,Ioannes Chrysostomus,Sermones,"Serm. de Mart, quod aut imitandi sunt, aut non laudandi. Tom. 3",Sermo sancti Joannis Chrysostomi,"Qui Sanctorum merita religiosa caritate miratur, quique justorum glorias frequenti laude colloquitur, eorum mores sanctos atque justitiam imitetur: quoniam quem delectat Sancti ali"
Sancti,Sancti/11-07oct.txt,31,Septima die infra Octavam Omnium Sanctorum,Lectio7,Lectio7,1,Augustinus Hipponensis,Sermones,"Liber 1 de Sermone Domini in monte, cap. 4",De Homilia sancti Augustíni Epíscopi,"In primo gradu, sicut oportebat, positum est regnum cælorum, quod est perfectæ summæque sapientiæ animæ rationalis. Sic ítaque dictum est: Beati pauperes spiritu: quoniam ipsorum e"
Sancti,Sancti/11-08.txt,18,In Octava Omnium Sanctorum,Lectio4,Lectio4-6,3,Cyprianus Carthaginiensis,In fine.,In fine.,Ex libro sancti Cypriáni Epíscopi et Martyris de mortalitáte,"Considerandum est, fratres dilectissimi, et identidem cogitandum, renuntiasse nos mundo, et tamquam hospites et peregrinos hic interim degere. Amplectamur diem, qui assignat singul"
Sancti,Sancti/11-08.txt,33,In Octava Omnium Sanctorum,Lectio7,Lectio7,1,Augustinus Hipponensis,Sermones,"Liber 1 de Sermone Domini in monte, cap. 5",De Homilia sancti Augustíni Epíscopi,"Beati eritis, inquit, cum vobis maledicent, et persequentur vos, et dicent omne malum adversum vos mentientes, propter me: gaudete et exsultate, quoniam merces vestra multa est in "
Sancti,Sancti/11-11.txt,108,S. Martini Episcopi et Confessoris,Lectio7,Lectio7-8,2,Ambrosius Mediolanensis,Expositio evangelii secundum Lucam,"Liber 7 Comment. in Luc. cap. 11, post initium",Homilía sancti Ambrósii Epíscopi,"Quia in superióribus Ecclésiam Synagógæ prǽtulit, hortátur nos ut fidem pótius nostram ad Ecclésiam transferámus. Lucérna enim fides est, juxta quod scriptum est: Lucérna pédibus m"
Sancti,Sancti/11-12.txt,37,S. Martini Papæ et Martyris,Lectio7,Lectio7-9,3,Leo Magnus,Sermones,Sermo 2 in anniversari assumptionis suæ ante medium,Homilía sancti Leónis Papæ.,"Cum, sicut evangelica lectióne reserátum est, interrogasset Dóminus discipulos, quem ipsum (multis diversa opinántibus) crederent; respondissétque beátus Petrus, dicens: Tu es Chri"
Sancti,Sancti/11-14.txt,34,S. Josaphat Episcopi et Martyris,Lectio7,Lectio7-9,3,Ioannes Chrysostomus,Hom. 59 in Joánnem,Hom. 59 in Joánnem,Homilia sancti Joannis Chrysostomi,"Magnum quiddam, dilectissimi, magnum, inquam, est Ecclesiæ prælatio, et quæ multa indiget sapientia et fortitudine, qualem Christus proposuit: ut animam pro ovibus ponamus, et numq"
Sancti,Sancti/11-17.txt,26,S. Gregorii Thaumaturgi Episcopi et Confessoris,Lectio6,Lectio6,1,Maximus Taurinensis,Sermones,"Ex Homilía 59, quæ est 2 de S. Eusebio",Sermo sancti Máximi Epíscopi,"Beáti Patris Gregórii merita jam in tuto posita secúri magnificémus; qui, gubernaculum fidei viríliter tenens, ánchoram spei tranquilla jam in statióne compósuit, et plenam cælésti"
Sancti,Sancti/11-17.txt,39,S. Gregorii Thaumaturgi Episcopi et Confessoris,Lectio7,Lectio7-9,3,Beda Venerabilis,Liber 3 Comment. in Marc. cap. 11,Liber 3 Comment. in Marc. cap. 11,Homilía sancti Bedæ Venerábilis Presbýteri,"Solent Gentiles qui contra Ecclésiam maledicta scripsére, improperare nostris quod non habúerint plenam fidem Dei, quia numquam montes transferre potúerint. Quibus respondéndum est"
Sancti,Sancti/11-21.txt,30,,Lectio4,Lectio4,1,Ioannes Damascenus,"Liber 4, Cap. 15","Liber 4, Cap. 15",Ex libro sancti Joánnis Damascéni de fide orthodóxa,"Jóachim lectíssimam illam ac summis láudibus dignam mulíerem Annam matrimónio sibi copulávit. Verum, quemádmodum prisca illa Anna, cum sterilitátis morbo laboráret, per oratiónem a"
Sancti,Sancti/11-21.txt,35,,Lectio5,Lectio5,1,Ambrosius Mediolanensis,"Liber 2, post initium.","Liber 2, post initium.",Ex libro sancti Ambrósii Epíscopi de Virgínibus,"Talis fuit Maria, ut ejus uníus vita ómnium sit disciplína. Si ígitur auctor non dísplicet, opus probémus; ut, quæcúmque sibi ejus exoptat præmium, imitétur exemplum. Quantæ in una"
Sancti,Sancti/11-22.txt,112,S. Cæciliæ Virginis et Martyris,Lectio7,Lectio7-9,3,Ioannes Chrysostomus,Homiliae in Matthaeum,"Homilia 79 in Matth., post initium",Homilía sancti Joánnis Chrysóstomi,"Quam ob causam in persona vírginum hanc parábolam profert, nec qualemcúmque personam sine discrimine súbjicit? Magna quædam de virginitate disserúerat dicens: Sunt eunuchi, qui sei"
Sancti,Sancti/11-23cc.txt,19,S. Felicitatis Martyris,Lectio93,Lectio93,1,Gregorius Magnus,Homiliae in Evangelia,Ex Homilía 3 in Evangelica,Sermo sancti Gregórii Papæ,"Beáta Felícitas, cujus hódie natalícia celebrámus, septem fílios sic post se tímuit vivos in carne relínquere, sicut carnáles paréntes solent metúere ne mórtuos præmíttant. In pers"
Sancti,Sancti/11-29.txt,28,In Vigilia S. Andreæ Apostoli,Lectio1,Lectio1-3,3,Augustinus Hipponensis,Tractatus in Iohannis Evangelium,"Tract. 7 in Joann., post init.",Homilia sancti Augustíni Epíscopi,"Quia talis erat Joannes amicus sponsi, non quærebat gloriam suam, sed testimonium perhibebat veritati: numquid voluit apud se remanere discipulos suos, ut non sequerentur Dominum? "
Sancti,Sancti/11-30.txt,137,S. Andreæ Apostoli,Lectio7,Lectio7-9,3,Gregorius Magnus,Homiliae in Evangelia,Homilia 5 in Evangelia,Homilía sancti Gregórii Papæ,"Audístis, fratres caríssimi, quia ad uníus jussiónis vocem Petrus et Andréas relíctis rétibus secúti sunt Redemptórem. Nulla vero hunc fácere adhuc mirácula víderant, nihil ab eo d"
Sancti,Sancti/12-03.txt,42,S. Francisci Xaverii Confessoris,Lectio7,Lectio7-9,3,Gregorius Magnus,Homiliae in Evangelia,"Homilia 29 in Evangelia, post initium",Homilía sancti Gregórii Papæ,Potest omnis creaturæ nómine omnis natio Géntium designari. Ante enim dictum fuerat: In viam Géntium ne abieritis; nunc autem dícitur: Prædicate omni creaturæ: ut scilicet prius a 
Sancti,Sancti/12-08.txt,139,,Lectio4,Lectio4,1,Hieronymus Stridonensis,Sermones,De Assumptione B. M. V.,Sermo sancti Hierónymi Presbýteri,"Qualis et quanta esset beáta et gloriósa semper Virgo María, ab Angelo divínitus declarátur, cum dícitur: Ave, grátia plena; Dóminus tecum: benedícta tu in muliéribus. Tálibus namq"
Sancti,Sancti/12-08.txt,176,,Lectio7,Lectio7-8,2,sancti Germáni Epíscopi,In Præsentatione Deiparæ,In Præsentatione Deiparæ,Homilía sancti Germáni Epíscopi,"Ave, María, grátia plena, Sanctis sánctior, et cælis excélsior, et Chérubim gloriósior, et Séraphim honorabílior, et super omnem creatúram venerabílior. Ave, colúmba, quæ nobis et "
Sancti,Sancti/12-09bmv.txt,31,,Lectio7,Lectio7,1,Sophronius Hierosolymitanus,Homilia in Deiparæ Annunt.,Homilia in Deiparæ Annunt.,Homilía sancti Sophrónii Epíscopi,"Quid missus beatus ille Angelus ad Virginem integerrimam dicit? Aut quomodo faustissimum hoc nuntium ipsi defert? Ave gratia plena, Dominus tecum. A gaudio incipit eam alloqui ille"
Sancti,Sancti/12-10bmv.txt,31,,Lectio7,Lectio7-9,3,Bernardus Claraevallensis,Ex Homilía 2 super Missus,Ex Homilía 2 super Missus,Homilía sancti Bernárdi Abbátis,"Lætáre, pater Adam, sed magis tu, o Heva mater, exsúlta, qui sicut ómnium paréntes, ita ómnium fuístis peremptóres; et quod infelícius est, prius peremptóres quam paréntes. Ambo, i"
Sancti,Sancti/12-12bmv.txt,11,,Lectio4,Lectio4,1,Unklarer Autor,Ex Bulla dogmatica Pii Papæ noni,Ex Bulla dogmatica Pii Papæ noni,,"Quoniam quæ ad cultum pertinent, intimo plane vinculo cum ejusdem objecto conserta sunt, neque rata et fixa manere possunt, si illud anceps sit et in ambiguo versetur, idcirco dece"
Sancti,Sancti/12-12bmv.txt,30,,Lectio7,Lectio7-8,2,Tarasius Constantinopolitanus,De Præsentatióne Deiparæ,De Præsentatióne Deiparæ,Homilia sancti Tharásii Epíscopi,"Quibus te laudibus cumulabimus, Maria? O puella immaculata; o virgo impolluta; mulierum ornamentum filiarum nitor! O mater Virgo sancta, tu benedicta inter mulieres; tu celebrata p"
Sancti,Sancti/12-14bmv.txt,38,,Lectio7,Lectio7-9,3,Sophronius Hierosolymitanus,Homilia in Deiparæ Annunt.,Homilia in Deiparæ Annunt.,Homilía sancti Sophrónii Epíscopi.,"Vere benedicta tu in muliéribus, quóniam Hevæ maledictiónem in benedictiónem commutásti; quóniam Adam, qui prius jacebat exsecratióne perculsus, ut per te benedicerétur effecísti. "
Sancti,Sancti/12-15.txt,41,,Lectio7,Lectio7-8,2,Epiphanius Salaminensis,Oratio de laudibus S. Maríæ Deiparæ,Oratio de laudibus S. Maríæ Deiparæ,Homilía sancti Epiphánii Epíscopi,"Quid dicam, aut quid próloquar de præclára et sancta Vírgine? Solo enim Deo excepto, cunctis superior éxstitit: natúra formosior est ipsis Chérubim et Séraphim, et omni exercitu An"
Sancti,Sancti/12-21.txt,39,S. Thomæ Apostoli,Lectio7,Lectio7-8,2,Gregorius Magnus,Homiliae,"Homilia 26 in Evang., post med.",Homilía sancti Gregórii Papæ,"Quid, fratres caríssimi, quid inter hæc animadvértitis? Numquid casu gestum créditis, ut eléctus ille discípulus tunc deésset, post autem véniens audíret, áudiens dubitáret, dúbita"
Sancti,Sancti/12-24.txt,25,,Lectio1,Lectio1,1,Hieronymus Stridonensis,Commentarii in Matthaeum,Lib. 1 Comment. in c. 1 Matth.,Homilía sancti Hierónymi Presbýteri,"Quare non de símplici vírgine, sed de desponsáta concípitur? Primum, ut per generatiónem Joseph, orígo Maríæ monstrarétur: secúndo, ne lapidarétur a Judǽis ut adúltera: tértio, ut "
Sancti,Sancti/12-25.txt,209,,Lectio4,Lectio4,1,Leo Magnus,Sermones,Sermo 1 de Nativitate Domini,Sermo sancti Leónis Papæ,"Salvátor noster, dilectíssimi, hódie natus est: gaudeámus. Neque enim fas est locum esse tristítiæ, ubi natális est vitæ: quæ, consúmpto mortalitátis timóre, nobis íngerit de promí"
Sancti,Sancti/12-25.txt,244,,Lectio7,Lectio7,1,Gregorius Magnus,Homiliae in Evangelia,Homilia 8 in Evangelia,Homilía sancti Gregórii Papæ,"Quia, largiénte Dómino, Missárum solémnia ter hódie celebratúri sumus, loqui diu de evangélica lectióne non póssumus: sed nos áliquid vel bréviter dícere, Redemptóris nostri Natívi"
Sancti,Sancti/12-25.txt,259,,Lectio8,Lectio8,1,Ambrosius Mediolanensis,Expositio evangelii secundum Lucam,"Lib. 2 in cap. 2. Lucæ, circa medium",Homilía sancti Ambrósii Epíscopi,"Vidéte Ecclésiæ surgéntis exórdium: Christus náscitur, et pastóres vigiláre cœpérunt; qui géntium greges, pécudum modo ante vivéntes, in caulam Dómini congregárent, ne quos spiritá"
Sancti,Sancti/12-25.txt,276,,Lectio9,Lectio9,1,Augustinus Hipponensis,Tractatus in Iohannis Evangelium,"Tract. 1 in Joann., circa médium",Homilía sancti Augustíni Epíscopi,"Ne vile áliquid putáres quale consuevísti cogitáre, cum verba humána soléres audíre, audi quid cógites: Deus erat Verbum. Exeat nunc néscio quis infidélis Ariánus, et dicat quia Ve"
Sancti,Sancti/12-26.txt,90,S. Stephani Protomartyris,Lectio4,Lectio4,1,Fulgentius Ruspensis,Sermones,"Sermo 3, de S. Stéphano, circa init.",Sermo sancti Fulgéntii Epíscopi,"Heri celebrávimus temporálem sempitérni Regis nostri natálem: hódie celebrámus triumphálem mílitis passiónem. Heri enim Rex noster trábea carnis indútus, de aula úteri virginális e"
Sancti,Sancti/12-26.txt,125,S. Stephani Protomartyris,Lectio7,Lectio7-9,3,Hieronymus Stridonensis,Commentarii in Matthaeum,Liber 4 Comment. in cap. 23 Matthæi,Homilía sancti Hierónymi Presbýteri,"Hoc quod ántea dixerámus, Impléte mensúram patrum vestrórum; ad persónam Dómini pertinére, eo quod occidéndus esset ab eis, potest et ad discípulos ejus reférri, de quibus nunc dic"
Tempora,Tempora/081-0.txt,76,,Lectio4,Lectio4-5,2,Ambrosius Mediolanensis,Sermones,"Sermo 5, n. 36-37",Ex Tractatu sancti Ambrósii Epíscopi in Psalmum centésimum décimum octavum,"Inítium esse sapiéntiæ timórem Dómini, dicit prophéta. Quid est autem inítium sapiéntiæ, nisi sǽculo renuntiáre? Quia sápere sæculária, stultítia est. Dénique sapiéntiam hujus mund"
Tempora,Tempora/082-0.txt,48,,Lectio4,Lectio4-6,3,Ioannes Chrysostomus,Sermones,"Sermo contra concubinarios, in fine, tomo 5",Sermo sancti Joánnis Chrysóstomi,"Sálomon cum sæculárium rerum concupiscéntia tenerétur, magnas eas et admirándas putábat, multúmque in eis labóris et sollicitúdinis insumébat, magníficas ædificándo domos, copiósum"
Tempora,Tempora/083-0.txt,47,,Lectio4,Lectio4-6,3,Ambrosius Mediolanensis,Lib. 1. Cap. 28 et 29,Lib. 1. Cap. 28 et 29,Ex libro Officiórum sancti Ambrósii Epíscopi,"Magnus justítiæ splendor, quæ áliis pótius nata quam sibi, communitátem et societátem nostram ádjuvat, excelsitátem tenet, ut suo judício ómnia subjécta hábeat, opem áliis ferat, p"
Tempora,Tempora/084-0.txt,46,,Lectio4,Lectio4-6,3,Gregorius Magnus,Moralia in Iob,"Liber 1, cap. 10 in cap. 1 Job",Ex libro Morálium sancti Gregórii Papæ,"Sunt nonnúlli qui vitam suam négligunt et, dum transitória áppetunt, dum ætérna vel non intélligunt, vel intellécta contémnunt, nec dolórem séntiunt, nec habére consílium sciunt; c"
Tempora,Tempora/085-0.txt,49,,Lectio4,Lectio4-6,3,Ioannes Chrysostomus,Sermones,Homilia 22 in 2 Cor. 10 in Moralibus.,Sermo sancti Joánnis Chrysóstomi,"Ne tardes convérti ad Dóminum, et ne dífferas de die in diem; nescis enim quid paritúra sit superventúra dies. Perículum enim et metus est in defferéndo; salus vero certa ac secúra"
Tempora,Tempora/091-0.txt,50,,Lectio4,Lectio4-5,2,Gregorius Magnus,"Lectio iv, Lib. 2, Cap. 1","Lectio iv, Lib. 2, Cap. 1",Ex libro Morálium sancti Gregórii Papæ,"Scriptúra sacra mentis óculis quasi quoddam spéculum oppónitur, ut intérna nostra fácies in ipsa videátur. Ibi étenim fœda, ibi pulchra nostra cognóscimus: ibi sentímus quantum pro"
Tempora,Tempora/091-0.txt,69,,Lectio6,Lectio6,1,Unklarer Autor,"Lib. 1 Moral., cap. 1","Lib. 1 Moral., cap. 1",,"Vir erat in terra Hus, nómine Job. Idcírco sanctus vir ubi habitáverit dícitur, ut ejus méritum virtútis exprimátur. Hus namque quis nésciat quod sit in terra Gentílium? Gentílitas"
Tempora,Tempora/092-0.txt,45,,Lectio4,Lectio4,1,Gregorius Magnus,"Liber 9, Cap. 2.","Liber 9, Cap. 2.",Ex libro Morálium sancti Gregórii Papæ,"Vero scio quod ita sit, et quod non justificábitur homo compósitus Deo. Homo quippe Deo non compósitus justítiam pércipit, compósitus amíttit; quia quisquis se auctóri bonórum cómp"
Tempora,Tempora/093-0.txt,54,,Lectio4,Lectio4-6,3,Leo Magnus,Sermones,Sermo 9 de jejúnio 7 mensis,Sermo sancti Leónis Papæ,"Scio quidem, dilectíssimi, plúrimos vestrum ita in iis, quæ ad observántiam christiánæ fídei pértinent, esse devótos, ut nostris cohortatiónibus non indígeant admonéri. Quod enim d"
Tempora,Tempora/093-3.txt,22,Feria Quarta Quattuor Temporum Septembris,Lectio1,Lectio1-3,3,Beda Venerabilis,"Liber 3, cap. 38 in Marcum 9","Liber 3, cap. 38 in Marcum 9",Homilía sancti Bedæ Venerábilis Presbýteri,"Dæmoníacum hunc, quem descéndens de monte Dóminus sanávit, Marcus quidem surdum mutúmque, Matthǽus vero lunáticum fuísse commémorat. Signíficat autem eos, de quibus scriptum est: S"
Tempora,Tempora/093-5.txt,22,Feria Sexta Quattuor Temporum Septembris,Lectio1,Lectio1-3,3,Gregorius Magnus,Homiliae in Evangelia,"Homilia 33 in Evangelia, post initium",Homilía sancti Gregórii Papæ,"Quem pharisǽus de falsa justítia præsúmens, nisi Judáicum pópulum; quem peccátrix múlier ad vestígia Dómini véniens et plorans, nisi convérsam gentilitátem desígnat? Quæ cum alabás"
Tempora,Tempora/093-6.txt,22,Sabbato Quattuor Temporum Septembris,Lectio1,Lectio1-3,3,Gregorius Magnus,Homiliae in Evangelia,Homilia 31 in Evangelia,Homilía sancti Gregórii Papæ,"Dóminus ac Redémptor noster per Evangélium suum aliquándo verbis, aliquándo rebus lóquitur: aliquándo áliud verbis, atque áliud rebus; aliquándo autem hoc verbis, quod rebus. Duas "
Tempora,Tempora/094-0.txt,51,,Lectio4,Lectio4-6,3,Ambrosius Mediolanensis,"Lectio iv, Cap. 9","Lectio iv, Cap. 9",Ex libro sancti Ambrósii Epíscopi de Elía et jejúnio,"Poténtes vinum prohibéntur bíbere, ne, cum bíberint, obliviscántur sapiéntiam. Dénique bibébant vinum in ebrietáte poténtes, qui Holoférni príncipi milítiæ regis Assyriórum se trád"
Tempora,Tempora/095-0.txt,45,,Lectio4,Lectio4,1,Ambrosius Mediolanensis,"Lectio iv, Liber 3, Cap. 15","Lectio iv, Liber 3, Cap. 15",Ex libro Officiórum sancti Ambrósii Epíscopi,"Quid Esther regína, nonne ut pópulum suum perículo erúeret (quod erat decórum atque honéstum) morti se óbtulit, nec immítis regis trepidávit furórem? Ipse quoque rex Persárum, fero"
Tempora,Tempora/095-0.txt,55,,Lectio5,Lectio5,1,Unklarer Autor,Cap. 16,Cap. 16,,"Ea enim amicítia probábilis, quæ honestátem tuétur, præferénda sane ópibus, honóribus, potestátibus; honestáti vero præférri non solet, sed honestátem sequi. Qualis fuit Jónathæ, q"
Tempora,Tempora/101-0.txt,58,,Lectio4,Lectio4-6,3,Ambrosius Mediolanensis,"Lib. 1, Cap. 40","Lib. 1, Cap. 40",Ex libro Officiórum sancti Ambrósii Epíscopi,"Fortásse áliquos béllica defíxos glória tenet, ut putent solam esse præliárem fortitúdinem; et ídeo me ad ista deflexísse, quia illa nostris déforet. Quam fortis Jesus Nave, ut uno"
Tempora,Tempora/102-0.txt,44,,Lectio4,Lectio4-6,3,Augustinus Hipponensis,"Liber 18, cap. 45","Liber 18, cap. 45",Ex libro sancti Augustíni Epíscopi de Civitáte Dei,"Posteáquam gens Judǽa cœpit non habére prophétas, proculdúbio detérior facta est, eo scílicet témpore, quo se sperábat instauráto templo post captivitátem, quæ fuit in Babylónia, f"
Tempora,Tempora/103-0.txt,48,,Lectio4,Lectio4-6,3,Ambrosius Mediolanensis,Lib. 1. cap. 41,Lib. 1. cap. 41,Ex libro Officiórum sancti Ambrósii Epíscopi,"Quia fortitúdo non solum secúndis rebus, sed étiam advérsis probátur, spectémus Judæ Machabǽi éxitum. Is enim post victum Nicánorem, regis Demétrii ducem, secúrior advérsus vigínti"
Tempora,Tempora/105-0.txt,44,,Lectio4,Lectio4,1,Gregorius Magnus,Sermones,Sermo 20 de Machabæis,Sermo sancti Gregorii Nazianzeni,"Eleázarus primítiæ eorum qui hic ante Christum sunt passi, quemadmodum post Christum Stephanus. Is vir et sacérdos et senex, canus capillis, canus et prudentia, prius quidem pro po"
Tempora,Tempora/111-0.txt,35,,Lectio4,Lectio4,1,Gregorius Magnus,"Liber 1, Homilía 2.","Liber 1, Homilía 2.",De Expositióne sancti Gregórii Papæ in Ezechiélem Prophétam,"Usus prophéticæ locutiónis est, ut prius persónam, tempus, locúmque descríbat, et póstmodum dícere mystéria prophetíæ incípiat; quátenus ad veritátem solídius ostendéndam, ante, hi"
Tempora,Tempora/112-0.txt,40,,Lectio4,Lectio4-5,2,Hieronymus Stridonensis,Liber 7 in Ezechiel. cap. 21.,Liber 7 in Ezechiel. cap. 21.,De Expositióne sancti Hierónymi Presbýteri in Ezechielem Prophetam.,"Quia supra dixerat: Ipsi dicunt ad me: Numquid non per parábolas lóquitur iste? et apertam pópulus flagitábat senténtiam: idcirco id quod Dóminus per metáphoram, sive parábolam, et"
Tempora,Tempora/113-0.txt,46,,Lectio4,Lectio4-6,3,Athanasius Alexandrinus,"Liber de Virginitate, post initium.","Liber de Virginitate, post initium.",Ex libro sancti Athanásii Epíscopi ad Vírgines,"Si accédant áliqui, e dicant tibi: Ne frequénter jejúnes, ne imbecíllior fias; ne credas illis, neque auscúltes: per istos enim inimícus hæc súggerit. Reminíscere ejus quod scriptu"
Tempora,Tempora/114-0.txt,42,,Lectio4,Lectio4-6,3,Augustinus Hipponensis,"Liber 18, cap. 28.","Liber 18, cap. 28.",Ex libro sancti Augustíni Epíscopi de Civitáte Dei,"Osée prophéta, quanto profúndius quidem lóquitur, tanto operósius penetrátur. Sed áliquid inde suméndum est, et hic ex nostra promissióne ponéndum. Et erit, inquit, in loco quo dic"
Tempora,Tempora/115-0.txt,40,,Lectio4,Lectio4-6,3,Basilius Magnus,Sermones,"Homilia in Ps. 33, n. 8",Sermo sancti Basilíi Magni in Psalmum trigésimum tértium,"Cum te appetítus inváserit peccándi, velim cógites horríbile illud et intolerábile Christi tribúnal, in quo præsidébit judex in alto et excélso throno; astábit autem omnis creatúra"
Tempora,Tempora/Adv1-0.txt,68,Dominica I Adventus,Lectio4,Lectio4-6,3,Leo Magnus,Sermones,Sermo 8 de jejunio decimi mensis et eleemosynis,Sermo sancti Leónis Papæ,"Cum de advéntu regni Dei, et de mundi fine ac témporum, discípulos suos Salvátor instrúeret, totámque Ecclésiam suam in Apóstolis erudíret: Cavéte, inquit, ne forte gravéntur corda"
Tempora,Tempora/Adv1-0.txt,103,Dominica I Adventus,Lectio7,Lectio7,1,Gregorius Magnus,Homiliae in Evangelia,Homilia 1 in Evangelia,Homilía sancti Gregórii Papæ,"Dóminus ac Redémptor noster parátos nos inveníre desíderans, senescéntem mundum quæ mala sequántur denúntiat, ut nos ab ejus amóre compéscat. Appropinquántem ejus términum quantæ p"
Tempora,Tempora/Adv2-0.txt,73,Dominica II Adventus,Lectio4,Lectio4-5,2,Hieronymus Stridonensis,Liber 4. in cap. 11 Isaíæ.,Liber 4. in cap. 11 Isaíæ.,De Expositióne sancti Hierónymi Presbýteri in Isaíam Prophétam,"Et egrediétur virga de radíce Jesse. Usque ad principium visiónis, vel pónderis Babylónis, quod vidit Isaías, fílius Amos, omnis hæc prophetía de Christo est: quam per partes vólum"
Tempora,Tempora/Adv2-0.txt,108,Dominica II Adventus,Lectio7,Lectio7-9,3,Gregorius Magnus,Homiliae in Evangelia,"Homilia 6 in Evangelia, post initium",Homilía sancti Gregórii Papæ,"Visis tot signis tantísque virtútibus, non scandalizári quisque pótuit, sed admirári. Sed infidélium mens grave in illo scándalum pértulit, cum eum post tot mirácula moriéntem vidi"
Tempora,Tempora/Adv3-0.txt,73,Dominica III Adventus,Lectio4,Lectio4-5,2,Leo Magnus,Sermones,Sermo 2 de jejúnio décimi mensis et collectis,Sermo sancti Leónis Papæ,"Quod témporis rátio, et devotiónis nostræ ádmonet consuetúdo, pastoráli vobis, dilectíssimi, sollicitúdine prædicámus, décimi mensis celebrándum esse jejúnium, quo pro consummáta p"
Tempora,Tempora/Adv3-0.txt,108,Dominica III Adventus,Lectio7,Lectio7,1,Gregorius Magnus,Homiliae in Evangelia,Homilia 7 in Evangelia,Homilía sancti Gregórii Papæ,"Ex hujus nobis lectiónis verbis, fratres caríssimi, Joánnis humílitas commendátur: qui cum tantæ virtútis esset, ut Christus credi potuísset, elégit sólide subsístere in se, ne hum"
Tempora,Tempora/Adv3-5.txt,24,Feria VI Quattuor Temporum in Adventu,Lectio1,Lectio1,1,Ambrosius Mediolanensis,Expositio evangelii secundum Lucam,Lib. 2 in Luc. cap. 1 post init.,Homilía sancti Ambrósii Epíscopi,"Morále est ómnibus, ut qui fidem éxigunt, fidem ástruant. Et ídeo Angelus, cum abscóndita nuntiáret, ut fidem astrúeret exémplo, senióris féminæ sterilísque concéptum Vírgini Maríæ"
Tempora,Tempora/Adv3-6.txt,21,Sabbato Quattuor Temporum in Adventu,Lectio1,Lectio1-3,3,Gregorius Magnus,Homiliae in Evangelia,Homilia 20 in Evangelia,Homilía sancti Gregórii Papæ,"Redemptóris nostri Præcúrsor, quo témpore prædicatiónis offícium accéperit, memoráto Románæ reipúblicæ príncipe, et Judǽæ régibus, designátur. Quia enim illum prædicáre veniébat, q"
Tempora,Tempora/Adv4-0.txt,71,Dominica IV Adventus,Lectio4,Lectio4,1,Leo Magnus,Sermones,"Sermo 1 de jejúnio décimi mensis, et collectis",Sermo sancti Leónis Papæ,"Si fidéliter, dilectíssimi, atque sapiénter creatiónis nostræ intelligámus exórdium, inveniémus hóminem ideo ad imáginem Dei cónditum, ut imitátor sui esset auctóris: et hanc esse "
Tempora,Tempora/Adv4-0.txt,106,Dominica IV Adventus,Lectio7,Lectio7-9,3,Gregorius Magnus,Homiliae in Evangelia,Homilia 20 in Evangelia ante medium,De Homilía sancti Gregórii Papæ,"Dicébat Joánnes ad turbas, quæ éxibant ut baptizaréntur ab eo: Genímina viperárum, quis osténdit vobis fúgere a ventúra ira? Ventúra enim ira est animadvérsio ultiónis extrémæ: qua"
Tempora,Tempora/Epi1-0.txt,211,Sanctæ Familiæ Jesu Mariæ Joseph,Lectio4,Lectio4-6,3,Unklarer Autor,Breve « Neminem fugit » 14 junii 1892,Breve « Neminem fugit » 14 junii 1892,,"Miséricors Deus cum humánæ reparatiónis opus, quod diu sǽcula exspectábant, perfícere decrevísset, ita ejúsdem óperis ratiónem ordinémque dispósuit, ut prima ipsa ejúsdem inítia au"
Tempora,Tempora/Epi1-0.txt,246,Sanctæ Familiæ Jesu Mariæ Joseph,Lectio7,Lectio7-9,3,Bernardus Claraevallensis,Homiliae,"Homilia 1 super Missus est, n. 7-8",Homilía sancti Bernárdi Abbátis,"Et erat súbditus illis. Quis, quibus? Deus homínibus; Deus, inquam, cui Angeli súbditi sunt, cui Principátus et Potestátes obédiunt, súbditus erat Maríæ, nec tantum Maríæ, sed étia"
Tempora,Tempora/Epi1-0a.txt,66,Dominica infra Octavam Epiphaniæ,Lectio4,Lectio4-6,3,Leo Magnus,Sermones,Serm. 4. de Epiphania,Sermo sancti Leónis Papæ,"Justum et rationábile, dilectíssimi, veræ pietátis obséquium est, in diébus, qui divínæ ópera misericórdiæ protestántur, toto corde gaudére, et honorífice ea, quæ ad salútem nostra"
Tempora,Tempora/Epi1-0a.txt,81,Dominica infra Octavam Epiphaniæ,Lectio7,Lectio7-9,3,Ambrosius Mediolanensis,Expositio evangelii secundum Lucam,"Lib. 2. in cap. 2. Lucæ, in fine",Homilía sancti Ambrósii Epíscopi,"A duodécimo anno, ut légimus, Domínicæ súmitur disputatiónis exórdium. Hic enim prædicándæ fídei evangelizántium númerus debebátur. Nec otióse ímmemor suórum secúndum carnem parént"
Tempora,Tempora/Epi2-0.txt,63,Dominica II post Epiphaniam,Lectio4,Lectio4-5,2,Ioannes Chrysostomus,Sermones,Præfatio in Epistolas Beati Pauli,Sermo sancti Joánnis Chrysóstomi,"Beáti Pauli Epistolárum lectiónem dum assídue auscúlto, perque hebdómadas síngulas bis sæpe, et ter et quater, quotiescúmque sanctórum Mártyrum memórias celebrámus, gáudio exsúlto,"
Tempora,Tempora/Epi2-0.txt,98,Dominica II post Epiphaniam,Lectio7,Lectio7-9,3,Augustinus Hipponensis,Tractatus in Iohannis Evangelium,"Tract. 9 in Joannem, post initium",Homilía sancti Augustíni Epíscopi,"Quod Dóminus invitátus venit ad núptias, étiam excépta mýstica significatióne, confirmáre vóluit, quod ipse fecit núptias. Futúri enim erant, de quibus dixit Apóstolus, prohibéntes"
Tempora,Tempora/Epi3-0.txt,50,Dominica III Post Epiphaniam,Lectio4,Lectio4-6,3,Augustinus Hipponensis,Præfátio tom. 4,Præfátio tom. 4,De Expositióne sancti Augustíni Epíscopi in Epístolam ad Gálatas,"Causa, propter quam scribit Apóstolus ad Gálatas, hæc est: ut intélligant grátiam Dei id secum ágere, ut sub lege jam non sint. Cum enim prædicáta eis esset Evangélii grátia, non d"
Tempora,Tempora/Epi3-0.txt,74,Dominica III Post Epiphaniam,Lectio7,Lectio7,1,Hieronymus Stridonensis,Commentarii in Matthaeum,Liber 1 Comment. in cap. 8 Matth.,Homilía sancti Hierónymi Presbýteri,"De monte Dómino descendénte, occúrrunt turbæ, quia ad altióra ascéndere non valuérunt. Et primus ei occúrrit leprósus: necdum enim póterat cum lepra tam multíplicem in monte Salvat"
Tempora,Tempora/Epi4-0.txt,54,Dominica IV Post Epiphaniam,Lectio4,Lectio4-6,3,Gregorius Magnus,Lib. 4. Cap. 30.,Lib. 4. Cap. 30.,Ex libro Morálium sancti Gregórii Papæ,"Replémus refectiónibus corpus, ne extenuátum defíciat; extenuámus abstinéntia, ne nos replétum premat: vegetámus hoc mótibus, ne situ immobilitátis intéreat; sed cítius hoc collocá"
Tempora,Tempora/Epi4-0.txt,78,Dominica IV Post Epiphaniam,Lectio7,Lectio7-9,3,Hieronymus Stridonensis,Commentarii in Matthaeum,Liber 1 Comment. in cap. 8 Matth.,Homilía sancti Hierónymi Presbýteri,"Quintum signum fecit, quando ascéndens navem de Caphárnaum, ventis imperávit et mari. Sextum, quando in regióne Gerasenórum dedit potestátem dæmónibus in porcos. Séptimum, quando i"
Tempora,Tempora/Epi5-0.txt,52,Dominica V Post Epiphaniam,Lectio4,Lectio4,1,Augustinus Hipponensis,Sermones,"De Verbis Apóstoli, Sermo 8 sub initio",Sermo sancti Augustíni Epíscopi,"Humánus sermo, et omni acceptióne dignus, quia Christus Jesus venit in hunc mundum peccatóres salvos fácere. Atténde Evangélium: Venit enim Fílius hóminis quærére, et salváre, quod"
Tempora,Tempora/Epi5-0.txt,76,Dominica V Post Epiphaniam,Lectio7,Lectio7-9,3,Augustinus Hipponensis,"Liber Quæst. Evang. in Matth. cap. 11, tom. 4","Liber Quæst. Evang. in Matth. cap. 11, tom. 4",Homilía S. Augustíni Epíscopi,"Cum negligéntius ágerent præpósiti Ecclésiæ, aut cum dormitiónem mortis accíperent Apóstoli, venit diábolus, et superseminávit eos, quos malos fílios Dóminus interpretátur. Sed quǽ"
Tempora,Tempora/Epi6-0.txt,50,Dominica VI Post Epiphaniam,Lectio4,Lectio4-6,3,Athanasius Alexandrinus,Sermones,"Orat. 2 contra Ariános, post medium.",Sermo sancti Athanásii Epíscopi,"Si persónam, rem, tempus apostólici dicti cognóscerent hærétici, numquam humána in Deitátem transferéntes, tam ímpie et stulte advérsus Christum sese habuíssent. Id intuéri licébit"
Tempora,Tempora/Epi6-0.txt,74,Dominica VI Post Epiphaniam,Lectio7,Lectio7,1,Hieronymus Stridonensis,Commentarii in Matthaeum,Lib. 2. Comment. in cap. 13. Matth.,Homilía S. Hierónymi Presbýteri,"Regnum cælórum prædicátio Evangélii est, et notítia Scripturárum, quæ ducit ad vitam, et de qua dícitur ad Judǽos: Auferétur a vobis regnum Dei, et dábitur genti faciénti fructus e"
Tempora,Tempora/Nat1-0.txt,54,Dominica Infra Octavam Nativitatis,Lectio4,Lectio4-6,3,Leo Magnus,Sermones,Sermo 9 de Nativ. Dom.,Sermo sancti Leónis Papæ,"Excédit quidem, dilectíssimi, multúmque superéminet humáni elóquii facultátem divini operis magnitúdo: et inde óritur difficultas fandi, unde adest rátio non tacendi. Quia in Chris"
Tempora,Tempora/Nat1-0.txt,78,Dominica Infra Octavam Nativitatis,Lectio7,Lectio7-9,3,Ambrosius Mediolanensis,Expositio evangelii secundum Lucam,"Lib. 2 in cap. 2 Lucæ, prope finem",Homilía sancti Ambrósii Epíscopi,"Vides úberem in omnes grátiam, Dómini generatióne diffúsam, et prophetíam incrédulis negátam esse, non justis. Ecce et Símeon prophétat, in ruínam et resurrectiónem plurimórum vení"
Tempora,Tempora/Nat2-0.txt,173,Sanctissimi Nominis Jesu,Lectio4,Lectio4-6,3,Bernardus Claraevallensis,Sermones super Cantica canticorum,"Sermo 15 super Cantica, circa medium",Sermo sancti Bernárdi Abbátis,"Non otióse Spíritus Sanctus nomen Sponsi óleo cómparat, cum ita dóceat sponsam ad Sponsum clamáre: Oleum effúsum nomen tuum. Oleum enim lucet, pascit et ungit. Fovet ignem, nutrit "
Tempora,Tempora/Nat2-0.txt,208,Sanctissimi Nominis Jesu,Lectio7,Lectio7-8,2,Bernardus Claraevallensis,Sermones,Sermo 1 de Circumcisione,Homilía sancti Bernárdi Abbátis,"Magnum et mirábile sacraméntum! Circumcíditur Puer, et vocátur Jesus. Quid sibi vult ista connéxio? Circumcísio nempe magis salvándi, quam Salvatóris esse vidétur; et Salvatórem ci"
Tempora,Tempora/Nat2-0.txt,229,Sanctissimi Nominis Jesu,Lectio9,Lectio9,1,Unklarer Autor,Sermones,Sermo 2 de Circumcisione,,"Mérito sane, dum circumcíditur puer, qui natus est nobis, Salvátor vocátur; quod vidélicet ex hoc jam cœ́perit operári salútem nostram, immaculátum illum pro nobis sánguinem funden"
Tempora,Tempora/Nat30.txt,68,Diei VI infra Octavam Nativitatis,Lectio4,Lectio4-6,3,Leo Magnus,Sermones,Sermo 6 de Nativitáte Dómini,Sermo sancti Leónis Papæ,"Omnibus quidem diébus, dilectíssimi, atque tempóribus, ánimis fidélium divína meditántium Dómini et Salvatóris nostri ex Matre Vírgine ortus occúrrit, ut mens, ad confessiónem sui "
Tempora,Tempora/Nat30.txt,92,Diei VI infra Octavam Nativitatis,Lectio7,Lectio7-8,2,Ambrosius Mediolanensis,Expositio evangelii secundum Lucam,"Liber 2 in cap. 2. Lucæ, circa med.",Homilía sancti Ambrósii Epíscopi,"Vides festináre pastóres; nemo enim cum desídia Christum requírit. Vides pastóres Angelo credidísse: et tu Patri, Fílio, Spirítui Sancto, Angelis, Prophétis et Apóstolis crédere no"
Tempora,Tempora/Pasc0-0.txt,72,Dominica Resurrectionis,Lectio1,Lectio1-3,3,Gregorius Magnus,Homiliae in Evangelia,Homilia 21 in Evangelia,Homilía sancti Gregórii Papæ,"Audístis, fratres caríssimi, quod sanctæ mulíeres, quæ Dóminum fúerant secútæ, cum aromátibus ad monuméntum venérunt, et ei, quem vivéntem diléxerant, étiam mórtuo, stúdio humanitá"
Tempora,Tempora/Pasc0-1.txt,26,Die II infra octavam Paschæ,Lectio1,Lectio1-3,3,Gregorius Magnus,Homiliae in Evangelia,Homilia 23 in Evangelia,Homilía sancti Gregórii Papæ,"Audístis, fratres caríssimi, quia duóbus discípulis ambulántibus in via, non quidem credéntibus, sed tamen de se loquéntibus, Dóminus appáruit: sed eis spéciem, quam recognóscerent"
Tempora,Tempora/Pasc0-2.txt,31,Die III infra octavam Paschæ,Lectio1,Lectio1-2,2,Ambrosius Mediolanensis,Expositio evangelii secundum Lucam,"Liber 10. Comment. in Lucam, cap. 24, ante finem",Homilía sancti Ambrósii Epíscopi,"Mirum, quo modo se natúra corpórea per impenetrábile corpus infúderit invisíbili áditu, visíbili conspéctu: tangi fácilis, diffícilis æstimári. Dénique conturbáti discípuli æstimáb"
Tempora,Tempora/Pasc0-3.txt,33,Die IV infra octavam Paschæ,Lectio1,Lectio1-3,3,Gregorius Magnus,Homiliae in Evangelia,Homilia 24 in Evangelia,Homilía sancti Gregórii Papæ,"Léctio sancti Evangélii, quæ modo in áuribus vestris lecta est, fratres mei, quæstióne ánimum pulsat, sed pulsatióne sua vim discretiónis índicat. Quæri étenim potest, cur Petrus, "
Tempora,Tempora/Pasc0-4.txt,28,Die V infra octavam Paschæ,Lectio1,Lectio1-3,3,Gregorius Magnus,Homiliae in Evangelia,Homilia 25 in Evangelia,Homilía sancti Gregórii Papæ,"María Magdaléne, quæ fúerat in civitáte peccátrix, amándo veritátem, lavit lácrimis máculas críminis: et vox Veritátis implétur, qua dícitur: Dimíssa sunt ei peccáta multa, quia di"
Tempora,Tempora/Pasc0-5.txt,31,Die VI infra octavam Paschæ,Lectio1,Lectio1,1,Hieronymus Stridonensis,Commentarii in Matthaeum,"Lib. 4 Comment. in Matth., in fine",Homilía sancti Hierónymi Presbýteri,"Post resurrectiónem Jesus in monte Galilǽæ conspícitur, ibíque adorátur; licet quidam dúbitent, et dubitátio eórum nostram áugeat fidem. Tunc maniféstius osténditur Thomæ, et latus"
Tempora,Tempora/Pasc0-6.txt,32,Sabbato in Albis,Lectio1,Lectio1-3,3,Gregorius Magnus,Homiliae in Evangelia,Homilia 22 in Evangelia,Homilía sancti Gregórii Papæ,"Léctio sancti Evangélii, quam modo, fratres, audístis, valde in superfície histórica est apérta: sed ejus nobis sunt mystéria sub brevitáte requirénda. María Magdaléne, cum adhuc t"
Tempora,Tempora/Pasc1-0.txt,66,Dominica in Albis in Octava Paschæ,Lectio4,Lectio4,1,Augustinus Hipponensis,Sermones,"Sermo 1 in Octava Paschæ, qui est 157 de Tempore",Sermo sancti Augustíni Epíscopi,"Paschális solémnitas hodiérna festivitáte conclúditur, et ídeo hódie Neophytórum hábitus commutátur: ita tamen, ut candor, qui de hábitu depónitur, semper in corde teneátur. In qua"
Tempora,Tempora/Pasc1-0.txt,90,Dominica in Albis in Octava Paschæ,Lectio7,Lectio7-9,3,Gregorius Magnus,Homiliae in Evangelia,Homilia 26 in Evangelia,Homilía sancti Gregórii Papæ,"Prima lectiónis hujus evangélicæ quǽstio ánimum pulsat: quómodo post resurrectiónem corpus Domínicum verum fuit, quod clausis jánuis ad discípulos íngredi pótuit? Sed sciéndum nobi"
Tempora,Tempora/Pasc2-0.txt,63,Dominica II Post Pascha,Lectio4,Lectio4-6,3,Leo Magnus,Sermones,"Sermo 1 de Ascensione Domini, post initium",Sermo sancti Leónis Papæ,"Hi dies, dilectíssimi, qui inter resurrectiónem Dómini ascensionémque fluxérunt, non otióso transiére decúrsu, sed magna in eis confirmáta sacraménta, magna sunt reveláta mystéria."
Tempora,Tempora/Pasc2-0.txt,87,Dominica II Post Pascha,Lectio7,Lectio7-9,3,Gregorius Magnus,Homiliae in Evangelia,Homilia 14 in Evangelia,Homilía sancti Gregórii Papæ,"Audístis, fratres caríssimi, ex lectióne evangélica eruditiónem vestram: audístis et perículum nostrum. Ecce enim is, qui non ex accidénti dono, sed essentiáliter bonus est, dicit:"
Tempora,Tempora/Pasc2-3.txt,117,Patrocinii St. Joseph Confessoris Sponsi B.M.V. Confessoris,Lectio4,Lectio4-5,2,Bernardus Claraevallensis,Sermones,Sermo 1 de S. Joseph.,Sermo sancti Bernardíni Senénsis.,"Ómnium singulárium gratiárum alícui rationábili creatúræ communicatárum generális régula est, quod, quandocúmque divína grátia éligit áliquem ad áliquam grátiam sublímem statum, óm"
Tempora,Tempora/Pasc2-3.txt,152,Patrocinii St. Joseph Confessoris Sponsi B.M.V. Confessoris,Lectio7,Lectio7-9,3,Augustinus Hipponensis,Liber 2 de Consensu Evang.,Liber 2 de Consensu Evang.,Homilía sancti Augustíni Epíscopi,"Maniféstum est illud quod ait, Ut putabátur fílius Joseph, propter illos dixísse, qui eum ex Joseph, sicut álii hómines nascúntur, natum arbitrántur. Quos autem movet, quod álios p"
Tempora,Tempora/Pasc2-4.txt,53,De II die infra Octavam S. Joseph,Lectio4,Lectio4,1,Bernardus Claraevallensis,Sermones,Sermo de S. Joseph,Sermo sancti Bernardíni Senénsis,"Cum inter Maríam et Joseph fúerit veríssimum matrimónium per divínam inspiratiónem contráctum, et in matrimónio fiat únio animórum in tantum quod una dicúntur persóna sponsus et sp"
Tempora,Tempora/Pasc2-4.txt,68,De II die infra Octavam S. Joseph,Lectio7,Lectio7-9,3,Augustinus Hipponensis,Liber 2 de Consensu Evang.,Liber 2 de Consensu Evang.,De Homilía sancti Augustíni Epíscopi,"Neque proptérea non erat appellándus Joseph pater Christi, quia non eum concumbéndo genúerat; quandóquidem pater esset étiam ejus, quem non ex sua cónjuge procreátum aliúnde adoptá"
Tempora,Tempora/Pasc2-5.txt,47,De III die infra Octavam S. Joseph,Lectio4,Lectio4,1,Ioannes Chrysostomus,Homiliae in Matthaeum,Homilia 4 in Matth.,Sermo sancti Joánnis Chrysóstomi,"Hunc morem plerúmque tenébat antíquitas, ut sponsæ in sponsórum dómibus haberéntur: sic habitábat étiam María cum Sponso. Et cujus tandem rei grátia, non ántequam desponderétur, Vi"
Tempora,Tempora/Pasc2-5.txt,62,De III die infra Octavam S. Joseph,Lectio7,Lectio7,1,Augustinus Hipponensis,Liber 23 contra Faust. cap. 7-8,Liber 23 contra Faust. cap. 7-8,De Homilía sancti Augustíni Epíscopi,"Sic de cælo dictum est super aquam Jordánis: Hic est Fílius meus diléctus, in quo mihi bene complácui; quemádmodum dictum est et in monte. Neque enim quia et ibi de cælo vox ipsa s"
Tempora,Tempora/Pasc2-6.txt,51,De IV die infra Octavam S. Joseph,Lectio4,Lectio4,1,Ioannes Chrysostomus,Homiliae in Matthaeum,Homilia 4 in Matth.,Sermo sancti Joánnis Chrysóstomi,"Joseph, fili David, noli timére accípere Maríam cónjugem tuam. Quid autem est accípere? Domi profécto retinére; jam enim illam mente dimíserat: sed dimíssam, inquit, retíneas, quam"
Tempora,Tempora/Pasc2-6.txt,66,De IV die infra Octavam S. Joseph,Lectio7,Lectio7,1,Ambrosius Mediolanensis,Expositio evangelii secundum Lucam,Expositio in Luc. lib. 3,De Homilía sancti Ambrósii Epíscopi,"Néminem movére debet, quod ita scriptum est: Qui putabátur fílius Joseph. Bene enim putabátur, quia natúra non erat; sed ídeo putabátur, quia eum María, quæ Joseph viro suo erat de"
Tempora,Tempora/Pasc3-0.txt,78,Dominica III Post Pascha,Lectio4,Lectio4-6,3,Augustinus Hipponensis,Sermones,Sermo 147 de Tempore,Sermo sancti Augustíni Epíscopi,"Diébus his sanctis resurrectióni Dómini dedicátis, quantum donánte ipso póssumus, de carnis resurrectióne tractémus. Hæc enim est fides nostra: hoc donum in Dómini nostri Jesu Chri"
Tempora,Tempora/Pasc3-0.txt,113,Dominica III Post Pascha,Lectio7,Lectio7-8,2,Augustinus Hipponensis,Tractatus in Iohannis Evangelium,"Tr. 101 in Joann., sub fine",Homilía sancti Augustíni Epíscopi,"Módicum est hoc totum spátium, quo præsens pérvolat sǽculum. Unde dicit idem ipse Evangelísta in Epístola sua: Novíssima hora est. Ideo namque áddidit: Quia vado ad Patrem: quod ad"
Tempora,Tempora/Pasc3-1.txt,57,De VI die infra Octavam S. Joseph,Lectio4,Lectio4-6,3,Bernardus Claraevallensis,Sermones,Homilia 2 super Missus est,Sermo sancti Bernardi Abbátis,"Desponsáta est María Joseph, vel pótius (sicut ponit Evangelísta) viro, cui nomen erat Joseph. Virum nóminat, non quia marítus, sed quod homo virtútis erat; vel pótius quia juxta á"
Tempora,Tempora/Pasc3-1.txt,72,De VI die infra Octavam S. Joseph,Lectio7,Lectio7-9,3,Ambrosius Mediolanensis,Expositio evangelii secundum Lucam,Expositio in Luc. lib. 3,De Homilía sancti Ambrósii Epíscopi,"Quod per Salomónem Matthǽus generatiónem derivándum putávit, Lucas vero per Nathan, álteram regálem, álteram sacerdotálem Christi famíliam vidétur osténdere. Quod non ita accípere "
Tempora,Tempora/Pasc3-2.txt,51,De VII die infra Octavam S. Joseph,Lectio4,Lectio4-6,3,Bernardus Claraevallensis,Sermones,Homilia 2 super Missus est,De Sermóne sancti Bernárdi Abbátis,"Scriptum est: Joseph autem vir ejus, cum esset justus et nollet eam tradúcere, vóluit occúlte dimíttere eam. Bene, cum esset justus, nóluit eam tradúcere; quia, sicut nequáquam jus"
Tempora,Tempora/Pasc3-2.txt,66,De VII die infra Octavam S. Joseph,Lectio7,Lectio7,1,Ioannes Damascenus,Oratio 3 de B.M.V. Nativ.,Oratio 3 de B.M.V. Nativ.,Homilía sancti Joánnis Damascéni,"Matthæus opus suum ínchoans, Liber generatiónis, inquit, Jesu Christi fílii David, fílii Abraham: verum hic non subsístit; étenim ipsíus sermo étiam usque ad Vírginis Sponsum progr"
Tempora,Tempora/Pasc3-3.txt,49,In Octava Patrocinii S. Joseph,Lectio4,Lectio4-6,3,Augustinus Hipponensis,Sermones,"Liber 1 de Nupt. et Concup., c. 11",Sermo sancti Augustíni Epíscopi,"Non falláciter ab Angelo dictum est ad Joseph: Noli timére accípere Maríam cónjugem tuam. Conjux vocátur ex prima fide desponsatiónis, quam concúbitu nec cognóverat nec fúerat cogn"
Tempora,Tempora/Pasc3-3.txt,64,In Octava Patrocinii S. Joseph,Lectio7,Lectio7,1,Augustinus Hipponensis,Sermones,Serm. 36 de Temp. Bapt. Christi,Homilía sancti Augustíni Epíscopi,"Natális hódie alter est quodam modo Salvatóris. Nam eísdem eum signis, eísdem miráculis cognóscimus génitum, sed nunc majóri mystério baptizátum. Ait enim Deus: Hic est Fílius meus"
Tempora,Tempora/Pasc4-0.txt,71,Dominica IV Post Pascha,Lectio4,Lectio4-6,3,Cyprianus Carthaginiensis,Sermones,Sermone 3 initio.,Ex Tractátu sancti Cypriáni Epíscopi et Mártyris de bono patiéntiæ,"De patiéntia locutúrus, fratres dilectíssimi, et utilitátes ejus et cómmoda prædicatúrus, unde pótius incípiam, quam quod nunc quoque ad audiéntiam, vestram patiéntiam vídeo esse n"
Tempora,Tempora/Pasc4-0.txt,106,Dominica IV Post Pascha,Lectio7,Lectio7-8,2,Augustinus Hipponensis,Tractatus in Iohannis Evangelium,"Tractatus 94 in Joannem, initio",Homilía sancti Augustíni Epíscopi,"Cum Dóminus Jesus prædixísset discípulis suis persecutiónes, quas passúri erant post ejus abscéssum, subjúnxit atque ait: Hæc autem vobis ab inítio non dixi, quia vobíscum eram: nu"
Tempora,Tempora/Pasc5-0.txt,63,Dominica V Post Pascha,Lectio4,Lectio4-6,3,Ambrosius Mediolanensis,Post medium,Post medium,Ex libro sancti Ambrósii Epíscopi de fide resurrectiónis,"Quóniam Dei mori non póterat Sapiéntia, resúrgere autem non póterat quod mórtuum non erat; assúmitur caro, quæ mori posset: ut dum móritur quod solet, quod mórtuum fúerat, hoc resú"
Tempora,Tempora/Pasc5-0.txt,87,Dominica V Post Pascha,Lectio7,Lectio7,1,Augustinus Hipponensis,Tractatus in Iohannis Evangelium,Tractatus 102 in Joannem,Homilía sancti Augustíni Epíscopi,"Dómini verba nunc ista tractánda sunt: Amen, amen, dico vobis: Si quid petiéritis Patrem in nómine meo, dabit vobis. Jam dictum est in superióribus hujus Domínici sermónis pártibus"
Tempora,Tempora/Pasc5-1.txt,21,Feria Secunda in Rogationibus,Lectio1,Lectio1-2,2,Ambrosius Mediolanensis,Expositio evangelii secundum Lucam,Liber 7 in Lucæ cap. 11,Homilía sancti Ambrósii Epíscopi,"Alius præcépti locus est, ut ómnibus moméntis, non solum diébus, sed étiam noctibus, orátio deferátur. Vides enim, quod iste qui media nocte perréxit, tres panes ab amico suo póstu"
Tempora,Tempora/Pasc5-3.txt,25,Feria Quarta in Rogationibus in Vigilia Ascensionis,Lectio1,Lectio1-3,3,Augustinus Hipponensis,Tractatus in Iohannis Evangelium,"Tractatus 104 in Joannem, sub med.",Homilía sancti Augustíni Epíscopi,"Póterat Dóminus noster, unigénitus et coætérnus Patri, in forma servi, et ex forma servi, si hoc opus esset, oráre siléntio: sed ita se Patri exhibére vóluit precatórem, ut meminís"
Tempora,Tempora/Pasc5-4.txt,226,In Ascensione Domini,Lectio4,Lectio4,1,Leo Magnus,Sermones,Sermone 1 de Ascensione Domini,Sermo sancti Leónis Papæ,"Post beátam et gloriósam resurrectiónem Dómini nostri Jesu Christi, qua verum Dei templum, Judáica impietáte resolútum, divína in tríduo poténtia suscitávit, quadragenárius hódie, "
Tempora,Tempora/Pasc5-4.txt,261,In Ascensione Domini,Lectio7,Lectio7-8,2,Gregorius Magnus,Homiliae in Evangelia,Homilia 29 in Evangelia,Homilía sancti Gregórii Papæ,"Quod resurrectiónem Domínicam discípuli tarde credidérunt, non tam illórum infírmitas, quam nostra, ut ita dicam, futúra fírmitas fuit. Ipsa namque resurréctio illis dubitántibus p"
Tempora,Tempora/Pasc5-5.txt,56,Feria VI infra Octavam Ascensionis,Lectio4,Lectio4-5,2,Leo Magnus,Sermones,Sermo 2 de Ascensione Domini,Sermo sancti Leónis Papæ,"Sacraméntum, dilectíssimi, salútis nostræ, quam prétio sánguinis sui universitátis Cónditor æstimávit, a die corporális ortus usque ad éxitum passiónis, per dispensatiónem humilitá"
Tempora,Tempora/Pasc5-5.txt,71,Feria VI infra Octavam Ascensionis,Lectio7,Lectio7-9,3,Gregorius Magnus,Ex eadem Homilía 29,Ex eadem Homilía 29,Homilía sancti Gregórii Papæ,"Qui credíderit, et baptizátus fúerit, salvus erit: qui vero non credíderit, condemnábitur. Fortásse unusquísque apud semetípsum dicat: Ego jam crédidi, salvus ero. Verum dicit, si "
Tempora,Tempora/Pasc5-6.txt,59,Sabbato infra Octavam Ascensionis,Lectio4,Lectio4,1,Leo Magnus,Sermones,Sermo 2 de Ascensione Domini,Sermo sancti Leónis Papæ,"Quod ítaque Redemptóris nostri conspícuum fuit, in sacraménta transívit: et ut fides excelléntior esset ac fírmior, visióni doctrína succéssit, cujus auctoritátem supérnis illuminá"
Tempora,Tempora/Pasc5-6.txt,74,Sabbato infra Octavam Ascensionis,Lectio7,Lectio7-9,3,Gregorius Magnus,Ex eadem Homilía 29,Ex eadem Homilía 29,Homilía sancti Gregórii Papæ,"Signa autem eos qui creditúri sunt, hæc sequéntur: In nómine meo dæmónia eícient, linguis loquéntur novis, serpéntes tollent: et si mortíferum quid bíberint, non eis nocébit: super"
Tempora,Tempora/Pasc6-0.txt,65,Dominica infra Octavam Ascensionis,Lectio4,Lectio4-5,2,Augustinus Hipponensis,Sermones,"Sermo 2 de Ascensióne Dómini, qui est 175 de Tempore",Sermo sancti Augustíni Epíscopi,"Salvátor noster, dilectíssimi fratres, ascéndit in cælum: non ergo turbémur in terra. Ibi sit mens, et hic erit réquies. Ascendámus cum Christo ínterim corde: cum dies ejus promíss"
Tempora,Tempora/Pasc6-0.txt,89,Dominica infra Octavam Ascensionis,Lectio7,Lectio7,1,Augustinus Hipponensis,Tractatus in Iohannis Evangelium,Tractatus 92 in Joannem,Homilía sancti Augustíni Epíscopi,"Dóminus Jesus in sermóne, quem locútus est discípulis suis post cenam, próximus passióni, tamquam itúrus, et relictúrus eos præséntia corporáli, cum ómnibus autem suis usque in con"
Tempora,Tempora/Pasc6-1.txt,60,Feria II infra Octavam Ascensionis,Lectio4,Lectio4-5,2,Ioannes Chrysostomus,Sermones,"Sermo de Ascensione Domini, tom. 3",Sermo sancti Joánnis Chrysóstomi,"Christus ascéndens in cælum, nostræ natúræ primítias óbtulit Patri, et oblátum donum mirátus est Pater, quod et tanta dígnitas offerébat; et quod offerebátur, nulla mácula fœdabátu"
Tempora,Tempora/Pasc6-1.txt,75,Feria II infra Octavam Ascensionis,Lectio7,Lectio7-9,3,Gregorius Magnus,Ex eadem Homilía 29,Ex eadem Homilía 29,Homilía sancti Gregórii Papæ,"Et Dóminus quidem Jesus, postquam locútus est eis, assúmptus est in cælum, et sedet a dextris Dei. In véteri Testaménto cognóvimus, quod Elias sit raptus in cælum. Sed áliud est cæ"
Tempora,Tempora/Pasc6-2.txt,62,Feria III infra Octavam Ascensionis,Lectio4,Lectio4-6,3,Maximus Taurinensis,Sermones,"Homilia 43, quæ est 2 de Pentecoste, ante medium",Sermo sancti Máximi Epíscopi,"Méminit sánctitas vestra, quod áquilæ illi de Psaltério, cujus innovátam juventútem légimus, comparáverim Salvatórem. Est enim similitúdo non parva. Sicut enim áquila humília déser"
Tempora,Tempora/Pasc6-2.txt,77,Feria III infra Octavam Ascensionis,Lectio7,Lectio7-8,2,Gregorius Magnus,Ex eadem Homilía 29,Ex eadem Homilía 29,Homilía sancti Gregórii Papæ,"Considerándum nobis est, quid est quod Marcus ait: Sedet a dextris Dei: et Stéphanus dicit: Vídeo cælos apértos, et Fílium hóminis stantem a dextris Dei. Quid est quod hunc Marcus "
Tempora,Tempora/Pasc6-3.txt,54,Feria IV infra Octavam Ascensionis,Lectio4,Lectio4-6,3,Gregorius Magnus,Sermones,Oratio de Ascensione Domini,Sermo sancti Gregórii Nysséni,"Hodiérnam celebritátem satis per se magnam, prophéta David majórem éfficit, dum illi gáudium e Psalmis adjúngit. Hic enim excélsus Prophéta supra seípsum egrédiens, tamquam córpori"
Tempora,Tempora/Pasc6-3.txt,69,Feria IV infra Octavam Ascensionis,Lectio7,Lectio7-8,2,Gregorius Magnus,Ex eadem Homilía 29,Ex eadem Homilía 29,Homilía sancti Gregórii Papæ,"Hoc autem nobis primum quæréndum est, quidnam sit, quod, nato Dómino, apparuérunt Angeli, et tamen non legúntur in albis véstibus apparuísse: ascendénte autem Dómino, missi Angeli "
Tempora,Tempora/Pasc6-4.txt,66,In Octava Ascensionis,Lectio4,Lectio4-6,3,Augustinus Hipponensis,Sermones,"Sermo 3 de Ascensione Domini, qui est 176 de Tempore",Sermo sancti Augustíni Epíscopi,"Omnia, caríssimi, quæ Dóminus Jesus Christus in hoc mundo sub fragilitáte nostra mirácula édidit, nobis profíciunt: qui dum humánam conditiónem sidéribus importávit, credéntibus cæ"
Tempora,Tempora/Pasc6-4.txt,81,In Octava Ascensionis,Lectio7,Lectio7-9,3,Gregorius Magnus,Ex eadem Homilía 29.,Ex eadem Homilía 29.,Homilía sancti Gregórii Papæ,"De hac ascensiónis ejus glória étiam Hábacuc ait: Elevátus est sol, et luna stetit in órdine suo. Quis enim solis nómine, nisi Dóminus; et quæ lunæ nómine, nisi Ecclésia designátur"
Tempora,Tempora/Pasc6-5.txt,53,Feria VI post Octavam Ascensionis,Lectio4_,Lectio4,1,Augustinus Hipponensis,Sermones,Idem Sermone 176 in fine,De sermóne sancti Augustíni Epíscopi,"Salvátor noster, caríssimi, si non in nostra carne diábolum triumphávit, se exércuit, non nobis vicit. Si non in nostro córpore resurréxit, conditióni nostræ resurgéndo nihil cóntu"
Tempora,Tempora/Pasc6-5.txt,89,Feria VI post Octavam Ascensionis,Lectio7,Lectio7-8,2,Augustinus Hipponensis,Tractatus in Iohannis Evangelium,"Tract. 92 in Joann., circa medium",Homilía sancti Augustíni Epíscopi,"Venit die Pentecóstes Spíritus Sanctus in centum vigínti hómines congregátos, in quibus et Apóstoli omnes erant: qui illo adimpléti, cum linguis ómnium géntium loqueréntur, plures "
Tempora,Tempora/Pasc6-6.txt,79,Sabbato in Vigilia Pentecostes,Lectio4,Lectio4,1,Augustinus Hipponensis,Lib. 4. cap. 1. tom. 9.,Lib. 4. cap. 1. tom. 9.,Ex Tractátu sancti Augustíni Epíscopi de Symbolo ad Catechúmenos,"Dum per sacratíssimum crucis signum vos suscépit in útero sancta mater Ecclésia, quæ sicut et fratres vestros cum summa lætítia spiritáliter páriet, nova proles futúra tantæ matris"
Tempora,Tempora/Pasc6-6.txt,108,Sabbato in Vigilia Pentecostes,Lectio7,Lectio7-9,3,Augustinus Hipponensis,Tractatus in Iohannis Evangelium,"Tractatus 74 in Joannem, sub finem, et 75",Homilía sancti Augustíni Epíscopi,"Quod ait, Rogábo Patrem, et álium Paráclitum dabit vobis: osténdit et seípsum esse Paráclitum. Paráclitus enim Latíne dícitur advocátus: et dictum est de Christo: Advocátum habémus"
Tempora,Tempora/Pasc7-0.txt,149,Dominica Pentecostes,Lectio1,Lectio1,1,Gregorius Magnus,Homiliae in Evangelia,Homilia 30 in Evangelia,Homilía sancti Gregórii Papæ,"Libet, fratres caríssimi, evangélicæ verba lectiónis sub brevitáte transcúrrere, ut post diútius líceat in contemplatióne tantæ solemnitátis immorári. Hódie namque Spíritus Sanctus"
Tempora,Tempora/Pasc7-1.txt,27,Die II infra octavam Pentecostes,Lectio1,Lectio1-3,3,Augustinus Hipponensis,Tractatus in Iohannis Evangelium,"Tract. 12 in Joann., sub fin.",Homilía sancti Augustíni Epíscopi,"Quantum in médico est, sanáre venit ægrótum. Ipse se intérimit, qui præcépta médici observáre non vult. Venit Salvátor in mundum. Quare Salvátor dictus est mundi, nisi ut salvet mu"
Tempora,Tempora/Pasc7-2.txt,29,Die III infra octavam Pentecostes,Lectio1,Lectio1-3,3,Augustinus Hipponensis,Tractatus in Iohannis Evangelium,Tract. 45 in Joann. post initium,Homilía sancti Augustíni Epíscopi,"Dóminus de grege suo, et de óstio quo intrátur ad ovíle, similitúdinem propósuit in hodiérna lectióne. Dicant ergo pagáni: Bene vívimus! Si per óstium non intrant, quid prodest eis"
Tempora,Tempora/Pasc7-3.txt,33,Feria Quarta Quattuor Temporum Pentecostes,Lectio1,Lectio1-3,3,Augustinus Hipponensis,Tractatus in Iohannis Evangelium,"Tract. 26 in Joann., post init.",Homilía sancti Augustíni Epíscopi,"Noli cogitáre te invítum trahi: tráhitur ánimus et amóre. Nec timére debémus, ne ab homínibus, qui verba perpéndunt, et a rebus máxime divínis intellegéndis longe remóti sunt, in h"
Tempora,Tempora/Pasc7-4.txt,31,Feria Quinta infra octavam Pentecostes,Lectio1,Lectio1-2,2,Ambrosius Mediolanensis,Expositio evangelii secundum Lucam,Liber 6 in cap. 9 Lucæ,Homilía sancti Ambrósii Epíscopi,"Qualis débeat esse, qui evangelízat regnum Dei, præcéptis evangélicis designátur: ut sine virga, sine pera, sine calceaménto, sine pane, sine pecúnia, hoc est, subsídii sæculáris a"
Tempora,Tempora/Pasc7-5.txt,30,Feria Sexta Quattuor Temporum Pentecostes,Lectio1,Lectio1-3,3,Ambrosius Mediolanensis,Expositio evangelii secundum Lucam,"Liber 5 in cap. 5 Lucæ, post initium",Homilía sancti Ambrósii Epíscopi,"Non otiósa hujus paralýtici, nec angústa medicína est, quando Dóminus et orásse præmíttitur; non útique propter suffrágium, sed propter exémplum. Imitándi enim spécimen dedit, non "
Tempora,Tempora/Pasc7-6.txt,31,Sabbato Quattuor Temporum Pentecostes,Lectio1,Lectio1-3,3,Ambrosius Mediolanensis,Expositio evangelii secundum Lucam,"Liber 4 in cap. 4 Lucæ, circa finem",Homilía sancti Ambrósii Epíscopi,"Vide cleméntiam Dómini Salvatóris: nec indignatióne commótus nec scélere offénsus, nec injúria violátus Judǽam déserit: quin étiam ímmemor injúriæ, memor cleméntiæ, nunc docéndo, n"
Tempora,Tempora/Pent01-0.txt,193,Dominica Sanctissimæ Trinitatis,Lectio4,Lectio4,1,Augustinus Hipponensis,"Inter Opera Augustini, tom. 3","Inter Opera Augustini, tom. 3","Ex libro sancti Fulgéntii Epíscopi, de fide ad Petrum","Fides, quam sancti Patriárchæ atque Prophétæ ante incarnatiónem Fílii Dei divínitus accepérunt, quam étiam sancti Apóstoli ab ipso Dómino in carne pósito audiérunt, et Spíritus San"
Tempora,Tempora/Pent01-0.txt,228,Dominica Sanctissimæ Trinitatis,Lectio7,Lectio7-8,2,Gregorius Magnus,"In Tractatu de fide, post init.","In Tractatu de fide, post init.",Homilía sancti Gregórii Nazianzéni,"Quis catholicórum ignórat Patrem vere esse Patrem, Fílium vere esse Fílium, et Spíritum Sanctum vere esse Spíritum Sanctum? sicut ipse Dóminus ad Apóstolos suos dicit: Eúntes bapti"
Tempora,Tempora/Pent01-0.txt,261,Dominica Sanctissimæ Trinitatis,Lectio9,Lectio9,1,Augustinus Hipponensis,Sermones de verbis Domini,"Serm. 15. in Evang. Matthǽi de Verbis Dómini, post inítium",Homilía sancti Augustíni Epíscopi,"Duo sunt ópera misericórdiæ, quæ nos líberant, quæ bréviter ipse Dóminus pósuit in Evangélio: Dimíttite, et dimittétur vobis: date, et dábitur vobis. Dimíttite, et dimittétur vobis"
Tempora,Tempora/Pent01-4.txt,185,Festum Sanctissimi Corporis Christi,Lectio4,Lectio4-6,3,Thomas Aquinas,Sermones,Lectio iv in opusculo 57,Sermo sancti Thomæ Aquinátis,"Imménsa divínæ largitátis benefícia, exhíbita pópulo christiáno, inæstimábilem ei cónferunt dignitátem. Neque enim est, aut fuit aliquándo tam grandis nátio, quæ hábeat deos approp"
Tempora,Tempora/Pent01-4.txt,218,Festum Sanctissimi Corporis Christi,Lectio7,Lectio7,1,Augustinus Hipponensis,Tractatus in Iohannis Evangelium,"Tractatus 26 in Joannem, sub finem",Homilía sancti Augustíni Epíscopi,"Cum cibo et potu id áppetant hómines, ut neque esúriant, neque sítiant: hoc veráciter non præstat, nisi iste cibus et potus, qui eos, a quibus súmitur, immortáles et incorruptíbile"
Tempora,Tempora/Pent01-5.txt,67,Feria Sexta infra octavam Corporis Christi,Lectio4,Lectio4-6,3,Thomas Aquinas,Sermones,In eodem Opusculo 57.,De Sermóne sancti Thomæ Aquinátis,"Cónvenit ítaque devotióni fidélium, solémniter recólere institutiónem tam salutíferi tamque mirábilis Sacraménti: ut ineffábilem modum divínæ præséntiæ in Sacraménto visíbili vener"
Tempora,Tempora/Pent01-5.txt,82,Feria Sexta infra octavam Corporis Christi,Lectio7,Lectio7,1,Augustinus Hipponensis,Tractatus in Iohannis Evangelium,Tractatus 27 in Joánnem,De Homilía sancti Augustíni Epíscopi,"Verba Dómini ex Evangélio, quæ sermónem prístinum consequúntur, audívimus. Hinc sermo debétur áuribus et méntibus vestris, et hodiérna die non importúnus est: est enim de córpore D"
Tempora,Tempora/Pent01-6.txt,60,Sabbato infra octavam Corporis Christi,Lectio4,Lectio4-6,3,Ioannes Chrysostomus,Sermones,Hom. 61 ad pópulum Antiochenum,Sermo sancti Joánnis Chrysóstomi,"Necessárium est, dilectíssimi, mysteriórum díscere miráculum, quodnam sit, et quare sit datum, et quæ ejus rei utílitas. Unum corpus effícimur: membra, inquit, ex carne ejus et ex "
Tempora,Tempora/Pent01-6.txt,75,Sabbato infra octavam Corporis Christi,Lectio7,Lectio7-9,3,Augustinus Hipponensis,Tractatus in Iohannis Evangelium,Tract. 27 in Joánn. ante medium.,De Homilía sancti Augustíni Epíscopi,"Díximus, fratres, hoc Dóminum commendásse in manducatióne carnis suæ et potatióne sánguinis sui, ut in illo maneámus, et ipse in nobis. Manémus autem in illo, cum sumus membra ejus"
Tempora,Tempora/Pent02-0.txt,61,Dominica II Post Pentecosten infra Octavam Corporis Christi,Lectio4,Lectio4-6,3,Ioannes Chrysostomus,Sermones,Ex Hom. 60 ad pop. Antioch,Sermo sancti Joánnis Chrysostomi,Quóniam Verbum dicit: Hoc est corpus meum; et assentiámur et credámus et intellectuálibus ipsum óculis intueámur. Nihil enim sensíbile nobis Christus trádidit; sed sensibílibus qui
Tempora,Tempora/Pent02-0.txt,76,Dominica II Post Pentecosten infra Octavam Corporis Christi,Lectio7,Lectio7-9,3,Gregorius Magnus,Homiliae in Evangelia,Homilia 36 in Evangelia,Homilía sancti Gregórii Papæ,"Hoc distáre, fratres caríssimi, inter delícias córporis et cordis solet: quod corporáles delíciæ, cum non habéntur, grave in se desidérium accéndunt; cum vero ávide edúntur, comedé"
Tempora,Tempora/Pent02-0o.txt,33,,Lectio4,Lectio4-6,3,Ioannes Chrysostomus,Sermones,Ex Hom. 60. ad pop. Antioch.,Sermo sancti Joannis. Chrysostomi.,"Quoniam Verbum dicit: Hoc est corpus meum: et assentiamur, et credamus, et intellectualibus ipsum oculis intueamur. Nihil enim sensibile nobis Christus tradidit: sed sensibilibus q"
Tempora,Tempora/Pent02-0o.txt,48,,Lectio7,Lectio7-9,3,Gregorius Magnus,Homiliae in Evangelia,Homilia 36. in Evangelia.,Homilia sancti Gregórii Papæ.,"Hoc distare, fratres carissimi, inter delicias corporis et cordis solet: quod corporales deliciæ, cum non habentur, grave in se desiderium accendunt: cum vero avide eduntur, comede"
Tempora,Tempora/Pent02-1.txt,55,Feria Secunda infra Octavam Corporis Christi,Lectio4,Lectio4,1,Ioannes Chrysostomus,Sermones,Homilia 60 ad populum Antiochenum,De Sermóne sancti Joánnis Chrysostomi,"Unicuíque fidélium Christus semetípsum per mystéria commíscet, et quos génuit, per semetípsum enútrit, nec álteri tradit; per hoc tibi rursum persuádens, quod carnem tuam assúmpsit"
Tempora,Tempora/Pent02-1.txt,70,Feria Secunda infra Octavam Corporis Christi,Lectio7,Lectio7-9,3,Augustinus Hipponensis,Tractatus in Iohannis Evangelium,"Tract. 26. in Joánnem, post medium",De Homilía sancti Augustíni Epíscopi,"Hic est panis, qui de cælo descéndit. Hunc panem significávit manna, hunc panem significávit altáre Dei. Sacraménta illa fuérunt: in signis divérsa sunt; sed in re, quæ significátu"
Tempora,Tempora/Pent02-2.txt,54,Feria Tertia infra Octavam Corporis Christi,Lectio4,Lectio4-6,3,Cyprianus Carthaginiensis,Liber 2. Epistola 3. sub init.,Liber 2. Epistola 3. sub init.,Ex Epístola sancti Cypriáni Epíscopi et Mártyris ad Cæcílium,"In sacerdóte Melchísedech sacrifícii Domínici sacraméntum præfigurátum vidémus, secúndum quod Scriptúra divína testátur, et dicit: Et Melchísedech rex Salem prótulit panem et vinum"
Tempora,Tempora/Pent02-2.txt,69,Feria Tertia infra Octavam Corporis Christi,Lectio7,Lectio7-9,3,Augustinus Hipponensis,Tractatus in Iohannis Evangelium,"Tractatus 26 in Joánnem, circa medium",De Homilía sancti Augustíni Epíscopi,"Non sicut manducavérunt patres vestri manna, et mórtui sunt. Quare manducavérunt, et mórtui sunt? Quia quod vidébant, credébant; quod non vidébant , non intelligébant. Ideo patres "
Tempora,Tempora/Pent02-3.txt,53,Feria Quarta infra Octavam Corporis Christi,Lectio4,Lectio4,1,Ambrosius Mediolanensis,"Lib. 4, Cap. 4","Lib. 4, Cap. 4",Ex libro sancti Ambrósii Epíscopi de Sacraméntis,"Auctor sacramentórum quis est, nisi Dóminus Jesus? De cælo ista sacraménta venérunt. Consílium enim omne de cælo est. Vere autem magnum est et divínum miráculum, quod pópulo pluit "
Tempora,Tempora/Pent02-3.txt,68,Feria Quarta infra Octavam Corporis Christi,Lectio7,Lectio7-9,3,Hilarius Pictaviensis,"Liber 8 de Trinitáte, ante medium","Liber 8 de Trinitáte, ante medium",Homilía sancti Hilárii Epíscopi,"Non est humáno aut sǽculi sensu in Dei rebus loquéndum. Quæ scripta sunt, legámus, et quæ legérimus, intelligámus; et tunc perféctæ fídei offício fungémur. De naturáli enim in nobi"
Tempora,Tempora/Pent02-4.txt,50,In Octava Sanctissimi Corporis Christi,Lectio4,Lectio4-6,3,Cyrillus Alexandrinus,Sermones,Catechesis mystagog. 4,Sermo sancti Cyrílli Epíscopi Jerosolymitáni,"Ipsa beáti Pauli doctrína abúnde suffícere vidétur, ut certam vobis de divínis mystériis fidem fáciat, quibus digni rédditi, concorpórei, ut ita dicam, et consanguínei Christi fact"
Tempora,Tempora/Pent02-4.txt,65,In Octava Sanctissimi Corporis Christi,Lectio7,Lectio7-9,3,Cyrillus Alexandrinus,"Liber 4 in Joánnem, cap. 17","Liber 4 in Joánnem, cap. 17",Homilía sancti Cyrílli Epíscopi Alexandríni,"Qui mandúcat, inquit, carnem meam et bibit sánguinem meum, in me manet, et ego in illo. Sicut enim si quis liquefáctæ ceræ áliam ceram infúderit, álteram cum áltera per totum commí"
Tempora,Tempora/Pent02-4o.txt,15,In Octava Sanctissimi Corporis Christi,Lectio4,Lectio4-6,3,Cyrillus Alexandrinus,Sermones,Catechesi mystagog. 4.,Sermo sancti Cyrilli Epíscopi Jerosolymitani.,"Ipsa beati Pauli doctrina abunde sufficere videtur, ut certam vobis de divinis mysteriis fidem faciat, quibus digni redditi, concorporei, ut ita dicam, et consanguinei Christi fact"
Tempora,Tempora/Pent02-4o.txt,30,In Octava Sanctissimi Corporis Christi,Lectio7,Lectio7-9,3,Cyrillus Alexandrinus,"Lib. 4. in Joánnem, cap. 17.","Lib. 4. in Joánnem, cap. 17.",Homilia sancti Cyrilli Epíscopi Alexandrini.,"Qui manducat, inquit, carnem meam, et bibit sanguinem meum, in me manet, et ego in illo. Sicuti enim si quis liquefactæ ceræ aliam ceram infuderit, alteram cum altera per totum com"
Tempora,Tempora/Pent02-5.txt,224,Sacratissimi Cordis Domini Nostri Jesu Christi,Lectio7,Lectio7,1,Bonaventura,"Liber de ligno vitæ, num. 30","Liber de ligno vitæ, num. 30",Homilía sancti Bonaventúræ Epíscopi,"Ut de látere Christi dormiéntis in cruce formarétur Ecclésia, et Scriptúra implerétur quæ dicit: Vidébunt in quem transfixérunt, divína est ordinatióne indúltum ut unus mílitum lán"
Tempora,Tempora/Pent02-5.txt,234,Sacratissimi Cordis Domini Nostri Jesu Christi,Lectio8,Lectio8,1,Unklarer Autor,"De vite mystica, cap. 3","De vite mystica, cap. 3",,"Quia semel vénimus ad Cor Dómini Jesu dulcíssimi, et bonum est nos hic esse, non fácile evellámur ab eo. O quam bonum et jucúndum habitáre in Corde hoc. Bonus thesáurus, pretiósa m"
Tempora,Tempora/Pent02-5o.txt,119,Sacratissimi Cordis Domini Nostri Jesu Christi,Lectio4,Lectio4,1,Bernardus Claraevallensis,Sermones,Sermo 3. de Passione.,De Sermóne sancti Bernardi Abbátis.,"Quia semel venímus ad Cor dulcíssimum Jesu, et bonum est nos hic esse, ne sinámus nos fácile avélli ab eo, de quo scriptum est: Recedéntes a te, in terra scribéntur. Quid autem acc"
Tempora,Tempora/Pent02-5o.txt,143,Sacratissimi Cordis Domini Nostri Jesu Christi,Lectio7,Lectio7,1,Augustinus Hipponensis,Tractatus in Iohannis Evangelium,Tractatus 120. in Joánnem.,Homilía sancti Augustíni Epíscopi.,"Unus mílitum láncea latus ejus apéruit, et contínuo exívit sanguis et aqua. Vigilánti verbo Evangelísta usus est, ut non díceret: Latus ejus percússit, aut vulnerávit, aut quid áli"
Tempora,Tempora/Pent02-5o.txt,151,Sacratissimi Cordis Domini Nostri Jesu Christi,Lectio8,Lectio8,1,Ioannes Chrysostomus,Hom. 84.,Hom. 84.,De Homilía sancti Joánnis Chrysóstomi.,"Vides quanti sit véritas? Per ea quæ Judǽi fáciunt prophetía implétur: ália enim ex hoc manifestáta est. Venérunt ergo mílites, et aliórum fregérunt crura, non Christi; sed ad Judæ"
Tempora,Tempora/Pent02-5o.txt,164,Sacratissimi Cordis Domini Nostri Jesu Christi,Lectio9,Lectio9,1,Bonaventura,Liber de ligno Vitæ.,Liber de ligno Vitæ.,De Homilía sancti Bonaventúræ Epíscopi.,"Porro ut de látere Christi dormiéntis formarétur Ecclésia, divína est ordinatióne indúltum, ut unus mílitum láncea latus sacrum illud aperiéndo perfóderet, quátenus sánguine cum aq"
Tempora,Tempora/Pent02-6.txt,60,Die II infra Octavam SSmi Cordis Jesu,Lectio7,Lectio7-9,3,Ioannes Chrysostomus,Homiliae,"Homilia 85, alias 84 in Joánnem, num. 3",Homilía sancti Joánnis Chrysóstomi,"Viden, quam fortis sit véritas? Per Judæórum stúdia implétur prophetía. Alia quoque prædíctio finem áccipit. Veniéntes enim mílites aliórum fregérunt crura, Christi non item. Attam"
Tempora,Tempora/Pent03-0.txt,69,Dominica III Post Pentecosten infra Octavam SSmi Cordis D.N.J.C,Lectio7,Lectio7-9,3,Gregorius Magnus,Homiliae in Evangelia,"Homilia 34 in Evangelium, n. 2-3, post initium",Homilía sancti Gregórii Papæ,"Audístis in lectióne evangélica, fratres mei, quia peccatóres et publicáni accessérunt ad Redemptórem nostrum; et non solum ad colloquéndum, sed étiam ad convescéndum recépti sunt."
Tempora,Tempora/Pent03-0o.txt,43,Dominica III Post Pentecosten,Lectio4,Lectio4,1,Gregorius Magnus,"Lib. 4, cap. 5 in I Reg. c. 10","Lib. 4, cap. 5 in I Reg. c. 10",De Expositióne sancti Gregórii Papæ in libros Regum,"Tulit autem Sámuel lentículam ólei, et effúdit super caput ejus. Hoc profécto hac unctióne exprímitur, quod in sancta Ecclésia nunc étiam materiáliter exhibétur: quia qui in cúlmin"
Tempora,Tempora/Pent03-1.txt,49,Die IV infra Octavam SSmi Cordis Jesu,Lectio7,Lectio7,1,sancti Lauréntii Justiniáni Epíscopi,"De triumpháli Christi agóne, cap. 21","De triumpháli Christi agóne, cap. 21",Homilía sancti Lauréntii Justiniáni Epíscopi,"Ad Jesum ígitur cum veníssent, illúmque jam mórtuum conspexíssent, ipsíus mínime crura fregérunt, verum astántium unus, vibráta láncea, latus ejus apéruit, et contínuo exívit sangu"
Tempora,Tempora/Pent03-2.txt,52,Die V infra Octavam SSmi Cordis Jesu,Lectio7,Lectio7-9,3,Bernardus Claraevallensis,Homilia sancti Bernardíni Senénsis,Homilia sancti Bernardíni Senénsis,Léctio sancti Evangélii secúndum Joánnem,Joánnes subdit: Unus mílitum láncea latus ejus apéruit et contínuo exívit sanguis et aqua. O amor qui ómnia liquas! quómodo pro redemptióne nostra reliquísti dilectórem nostrum? Na
Tempora,Tempora/Pent03-3.txt,51,Die VI infra Octavam SSmi Cordis Jesu,Lectio7,Lectio7,1,Petrus Canisius,Homilia sancti Petri Canísii Presbýteri,Homilia sancti Petri Canísii Presbýteri,Léctio sancti Evangélii secúndum Joánnem,"Diligénter tecum ánimo versa, quam ineffábilis fúerit illa cáritas qua Deus summus, in máximis Cordis angústiis et totíus mundi oppróbriis, pro te vilíssimo vermículo illam crucis "
Tempora,Tempora/Pent03-3.txt,55,Die VI infra Octavam SSmi Cordis Jesu,Lectio8,Lectio8,1,Unklarer Autor,In Evang. Dominica I post Pascha,In Evang. Dominica I post Pascha,,"Quare, ne prorsus ingrátus sim, hos perénnes fontes donórum ac bonórum ómnium mihi ob óculos sæpe propónam, cum de illis dulcíssima exstet promíssio: Hauriétis aquas in gáudio de f"
Tempora,Tempora/Pent03-3.txt,59,Die VI infra Octavam SSmi Cordis Jesu,Lectio9,Lectio9,1,Unklarer Autor,Medit. 6,Medit. 6,,"Et tu in omni tentatióne fuge diligénter in amábile Christi Cor, ejúsque bonitátem et caritátem tibi propóne, et cum illa confer tuam vilitátem, malítiam, infidelitátem, arrogántia"
Tempora,Tempora/Pent03-4.txt,54,Die VII infra Octavam SSmi Cordis Jesu,Lectio7,Lectio7,1,Cyrillus Alexandrinus,Comm. in Joann. Lib. 12 Cap. 19,Comm. in Joann. Lib. 12 Cap. 19,Homilía sancti Cyrílli Alexandríni,"Non hæc ait beátus Evangelísta, quasi pietátem ullam efferátis et crudélibus Judǽis tríbuat, sed ut osténdat stulte eos et imperíte excoláre cúlicem, et camélum deglutíre sicut a C"
Tempora,Tempora/Pent03-5.txt,35,In Octava SSmi Cordis Jesu,Lectio4,Lectio4-6,3,Bernardus Claraevallensis,Sermones super Cantica canticorum,"Sermo 61 in Cantica Canticorum, nn. 3-5",Sermo sancti Bernárdi Abbátis,"Revéra ubi tuta firmáque infírmis secúritas et réquies, nisi in vulnéribus Salvatóris? Tanto illic secúrior hábito, quanto ille poténtior est ad salvándum. Fremit mundus, premit co"
Tempora,Tempora/Pent03-5.txt,50,In Octava SSmi Cordis Jesu,Lectio7,Lectio7-9,3,Augustinus Hipponensis,Tractatus in Iohannis Evangelium,"Tractatus 120 in Joánnem, nn. 2-3",Homilía sancti Augustíni Epíscopi,"Ad Jesum autem cum veníssent, ut vidérunt eum jam mórtuum, non fregérunt ejus crura, sed unus mílitum láncea latus ejus apéruit, et contínuo exívit sanguis et aqua. Vigilánti verbo"
Tempora,Tempora/Pent04-0.txt,65,Dominica IV Post Pentecosten,Lectio4,Lectio4-6,3,Augustinus Hipponensis,Sermones,Sermo 197 de Temp. circa med.,Sermo sancti Augustíni Epíscopi,"Stabant fílii Israël contra adversários quadragínta diébus. Quadragínta dies, propter quátuor témpora et quátuor partes orbis terræ, vitam præséntem signíficant, in qua contra Góli"
Tempora,Tempora/Pent04-0.txt,89,Dominica IV Post Pentecosten,Lectio7,Lectio7-9,3,Ambrosius Mediolanensis,Expositio evangelii secundum Lucam,Liber 4 in Lucæ cap. 5 prope finem libri,Homilía sancti Ambrósii Epíscopi,"Ubi Dóminus multis impartívit varia génera sanitátum, nec témpore, nec loco pótuit ab stúdio sanándi turba cohibéri. Vesper incúbuit sequebántur: stagnum occúrrit, urgébant: et íde"
Tempora,Tempora/Pent05-0.txt,64,Dominica V Post Pentecosten,Lectio4,Lectio4,1,Gregorius Magnus,"Liber 4, Cap. 3 et 4","Liber 4, Cap. 3 et 4",Ex libro Morálium sancti Gregórii Papæ,"Quid est quod David, qui retribuéntibus sibi mala non réddidit, cum Saul et Jónathas bello occúmberent, Gélboë móntibus maledíxit, dicens: Montes Gélboë, nec ros nec plúvia véniant"
Tempora,Tempora/Pent05-0.txt,88,Dominica V Post Pentecosten,Lectio7,Lectio7-9,3,Augustinus Hipponensis,Sermones,"Liber 1 de Sermóne Dómini in monte, cap. 9",Homilía sancti Augustíni Epíscopi,"Justítia pharisæórum est, ut non occídant: justítia eórum, qui intratúri sunt in regnum cælórum, ut non irascántur sine causa. Mínimum est ergo, non occídere; et qui illud sólverit"
Tempora,Tempora/Pent05-0o.txt,24,,Lectio7,Lectio7-9,3,Augustinus Hipponensis,Sermones,Liber 1. de Sermone Domini in monte. cap. 9.,Homilía sancti Augustíni Epíscopi.,"Justitia pharisæorum est, ut non occidant: justitia eorum qui intraturi sunt in regnum cælorum, ut non irascantur sine causa. Minimum est ergo, non occidere: et qui illud solverit,"
Tempora,Tempora/Pent06-0.txt,65,Dominica VI Post Pentecosten,Lectio4,Lectio4,1,Ambrosius Mediolanensis,Apologia David,"Apolog. 1, c. 2",Ex libro sancti Ambrósii Epíscopi de Apología David,"Unusquísque nostrum per síngulas horas quam multa delínquit! nec tamen unusquísque de plebe peccátum suum confiténdum putat. Ille rex, tantus ac potens, ne exíguo quidem moménto ma"
Tempora,Tempora/Pent06-0.txt,89,Dominica VI Post Pentecosten,Lectio7,Lectio7-9,3,Ambrosius Mediolanensis,Expositio evangelii secundum Lucam,"Liber 6 in Lucæ cap. 9, post initium",Homilía sancti Ambrósii Epíscopi,"Posteáquam illa, quæ Ecclésiæ typum accépit, a fluxu curáta est sánguinis, posteáquam Apóstoli ad evangelizándum regnum Dei sunt destináti, grátiæ cæléstis impartítur aliméntum. Se"
Tempora,Tempora/Pent07-0.txt,62,Dominica VII Post Pentecosten,Lectio4,Lectio4,1,Hieronymus Stridonensis,Epistulae,"Epist. 2, tom. 1",Ex Epístola sancti Hierónymi Presbýteri ad Nepotiánum,"David annos natus septuagínta, bellicósus quondam vir, senectúte frigescénte, non póterat calefíeri. Quǽritur ítaque puélla de univérsis fínibus Israël Abísag Sunamítis, quæ cum re"
Tempora,Tempora/Pent07-0.txt,86,Dominica VII Post Pentecosten,Lectio7,Lectio7-9,3,Hilarius Pictaviensis,Comment. in Matth. can. 6,Comment. in Matth. can. 6,Homilía sancti Hilárii Epíscopi,"Blandiménta verbórum et mansuetúdinis simulatiónem ádmonet fructu operatiónis expéndi oportére; ut non qualem quis verbis réferat, sed qualem se rebus effíciat, spectémus; quia in "
Tempora,Tempora/Pent08-0.txt,63,Dominica VIII Post Pentecosten,Lectio4,Lectio4-6,3,Augustinus Hipponensis,Liber 17. cap. 8. sub medio.,Liber 17. cap. 8. sub medio.,Ex libro sancti Augustíni Epíscopi de Civitáte Dei.,"Facta est quidem nonnúlla imágo rei futúræ étiam in Salomóne, in eo quod templum ædificávit, et pacem hábuit secúndum nomen suum (Sálomon quippe pacíficus est Latíne), et in exórdi"
Tempora,Tempora/Pent09-0.txt,55,Dominica IX Post Pentecosten,Lectio4,Lectio4-6,3,Augustinus Hipponensis,Sermones,Sermo 201 de Tempore,Sermo sancti Augustíni Epíscopi,"In lectiónibus quæ nobis diébus istis recitántur, fratres caríssimi, frequénter admónui, ut non sequámur lítteram occidéntem, et vivificántem spíritum relinquámur. Sic enim Apóstol"
Tempora,Tempora/Pent09-0.txt,79,Dominica IX Post Pentecosten,Lectio7,Lectio7-9,3,Gregorius Magnus,Homiliae in Evangelia,Homilia 39 in Evangelia,Homilía sancti Gregórii Papæ,"Quod a flente Dómino illa Jerosolymórum subvérsio descríbitur, quæ a Vespasiáno et Tito Románis princípibus facta est, nullus qui históriam eversiónis ejúsdem legit, ignórat. Román"
Tempora,Tempora/Pent10-0.txt,60,Dominica X Post Pentecosten,Lectio4,Lectio4-6,3,Ioannes Chrysostomus,Sermones,Homilia 25 in Epistola ad Romanos,Sermo sancti Joánnis Chrysóstomi,"Non putémus nos excusatiónem habitúros, si quando delictórum sócios invenérimus: nam istud, supplícium magis augébit. Quandóquidem et serpens magis punítus est quam múlier, quemádm"
Tempora,Tempora/Pent10-0.txt,84,Dominica X Post Pentecosten,Lectio7,Lectio7-9,3,Augustinus Hipponensis,Sermones de verbis Domini,"Sermo 36 de Verbis Domini, circa medium",Homilía sancti Augustíni Epíscopi,"Díceret saltem pharisǽus: Non sum sicut multi hómines. Quid est, céteri hómines, nisi omnes præter ipsum? Ego, inquit, justus sum, céteri peccatóres. Non sum sicut céteri hómines, "
Tempora,Tempora/Pent11-0.txt,55,Dominica XI Post Pentecosten,Lectio4,Lectio4,1,Hieronymus Stridonensis,Lib. 11 in Isaíæ cap. 38,Lib. 11 in Isaíæ cap. 38,Ex Expositióne sancti Hierónymi Presbýteri in Isaíam Prophétam,"Ne elevarétur cor Ezechíæ post incredíbiles triúmphos et de média captivitáte victóriam, infirmitáte córporis sui visitátur, et audit se esse moritúrum; ut convérsus ad Dóminum fle"
Tempora,Tempora/Pent11-0.txt,79,Dominica XI Post Pentecosten,Lectio7,Lectio7,1,Gregorius Magnus,Homiliae in Ezechielem,"Homilia 10, liber 1 in Ezech., ante medium",Homilía sancti Gregórii Papæ,"Quid est quod creátor ómnium Deus, cum surdum et mutum sanáre voluísset, in aures illíus suos dígitos misit, et éxspuens linguam ejus tétigit? Quid per dígitos Redemptóris, nisi do"
Tempora,Tempora/Pent12-0.txt,23,Dominica XII Post Pentecosten,Lectio7,Lectio7-8,2,Beda Venerabilis,Expositio in Lucam / homiliae de tempore,"Liber 3, cap. 43 in Lucæ 10",Homilía sancti Bedæ Venerábilis Presbýteri,"Non óculi scribárum et pharisæórum, qui corpus tantum Dómini vidére; sed illi beáti óculi, qui ejus possunt cognóscere sacraménta, de quibus dícitur: Et revelásti ea párvulis. Beát"
Tempora,Tempora/Pent13-0.txt,23,Dominica XIII Post Pentecosten,Lectio7,Lectio7,1,Augustinus Hipponensis,Lib. 2 quæst. Evang. cap. 40,Lib. 2 quæst. Evang. cap. 40,Homilía sancti Augustíni Epíscopi,"De decem leprósis, quos Dóminus ita mundávit, cum ait: Ite, osténdite vos sacerdótibus; quæri potest, cur eos ad sacerdótes míserit, ut cum irent, mundaréntur. Nullum enim eórum, q"
Tempora,Tempora/Pent14-0.txt,23,Dominica XIV Post Pentecosten,Lectio7,Lectio7-9,3,Augustinus Hipponensis,Sermones,"Lib. 2 de Sermone Dómini in monte, cap. 14",Homilía sancti Augustíni Epíscopi,"Nemo potest duóbus dóminis servíre. Ad hanc ipsam intentiónem referéndum est quod consequénter expónit, dicens: Aut enim unum ódio habébit, et álterum díliget; aut álterum patiétur"
Tempora,Tempora/Pent15-0.txt,23,Dominica XV Post Pentecosten,Lectio7,Lectio7-9,3,Augustinus Hipponensis,Sermones de verbis Domini,"Sermo 44 de verbis Domini, circa initium",Homilía sancti Augustíni Epíscopi,De júvene illo resuscitáto gavísa est mater vídua; de homínibus in spíritu cotídie suscitátis gaudet mater Ecclésia. Ille quidem mórtuus erat córpore; illi autem mente. Illíus mors
Tempora,Tempora/Pent16-0.txt,23,Dominica XVI Post Pentecosten,Lectio7,Lectio7-9,3,Ambrosius Mediolanensis,Expositio evangelii secundum Lucam,Liber 7 in Lucæ cap. 14,Homilía sancti Ambrósii Epíscopi,"Curátur hydrópicus, in quo fluxus carnis exúberans ánimæ gravábat offícia, spíritus exstinguébat ardórem. Deínde docétur humílitas, dum in illo convívio nuptiáli appeténtia loci su"
Tempora,Tempora/Pent17-0.txt,23,Dominica XVII Post Pentecosten,Lectio7,Lectio7-9,3,Ioannes Chrysostomus,Homiliae in Matthaeum,Homilia 72 in Matthæum,Homilía sancti Joánnis Chrysóstomi,"Sadducǽis confúsis, pharisǽi rursus aggrediúntur; cumque quiéscere oportéret, decertáre voluérunt: et legis perítiam profiténtem præmíttunt, non díscere, sed tentáre cupiéntes; ac "
Tempora,Tempora/Pent18-0.txt,23,Dominica XVIII Post Pentecosten,Lectio7,Lectio7-9,3,Petrus Chrysologus,Sermones,Sermo 50,Homilía sancti Petri Chrysólogi,"Christum in humánis áctibus divína gessísse mystéria, et in rebus visibílibus invisibília exercuísse negótia, léctio hodiérna monstrávit. Ascéndit, inquit, in navículam, et transfr"
Tempora,Tempora/Pent19-0.txt,23,Dominica XIX Post Pentecosten,Lectio7,Lectio7-9,3,Gregorius Magnus,Homiliae in Evangelia,"Homilia 38 in Evangelia, post initium",Homilía sancti Gregórii Papæ,"Sæpe jam me dixísse mémini, quod plerúmque in sancto Evangélio regnum cælórum præsens Ecclésia nominátur: congregátio quippe justórum, regnum cælórum dícitur. Quia enim per prophét"
Tempora,Tempora/Pent20-0.txt,23,Dominica XX Post Pentecosten,Lectio7,Lectio7-9,3,Gregorius Magnus,Homiliae in Evangelia,Homilia 28 in Evangelia,Homilía sancti Gregórii Papæ,"Léctio sancti Evangélii, quam modo, fratres, audístis, expositióne non índiget: sed ne hanc táciti præteriísse videámur, exhortándo pótius quam exponéndo in ea áliquid loquámur. Ho"
Tempora,Tempora/Pent21-0.txt,23,Dominica XXI Post Pentecosten,Lectio7,Lectio7-9,3,Hieronymus Stridonensis,Commentarii in Matthaeum,Lib. 3 Comm. in cap. 18 Matth.,Homilía sancti Hierónymi Presbýteri,"Familiáre est Syris, et máxime Palæstínis, ad omnem sermónem suum parábolas júngere: ut quod per simplex præcéptum tenéri ab auditóribus non potest, per similitúdinem exempláque te"
Tempora,Tempora/Pent22-0.txt,23,Dominica XXII Post Pentecosten,Lectio7,Lectio7-9,3,Hilarius Pictaviensis,Comment. in Matth. can. 23,Comment. in Matth. can. 23,Homilía sancti Hilárii Epíscopi,"Frequénter pharisǽi commovéntur, et occasiónem insimulándi eum habére ex prætéritis non possunt. Cádere enim vítium in gesta ejus et dicta non póterat; sed de malítiæ afféctu, in o"
Tempora,Tempora/Pent23-0.txt,23,Dominica XXIII Post Pentecosten,Lectio7,Lectio7-9,3,Hieronymus Stridonensis,Commentarii in Matthaeum,Liber 1 Comment. in cap. 9 Matthæi,Homilía sancti Hierónymi Presbýteri,"Octávum signum est, in quo princeps suscitári póstulat fíliam suam, nolens de mystério veræ circumcisiónis exclúdi: sed subíntrat múlier sánguine fluens, et octávo sanátur loco; ut"
Tempora,Tempora/Pent24-0.txt,23,Dominica XXIV et Ultima Post Pentecosten,Lectio7,Lectio7,1,Hieronymus Stridonensis,Commentarii in Matthaeum,Liber 4 Comment. in cap. 24 Matthæi,Homilía sancti Hierónymi Presbýteri,"Quando ad intellegéntiam provocámur, mýsticum monstrátur esse quod dictum est. Légimus autem in Daniéle hoc modo: Et in dimídio hebdómadis auferétur sacrifícium et libámina; et in "
Tempora,Tempora/Quad1-0.txt,78,Dominica I in Quadragesima,Lectio4,Lectio4-6,3,Leo Magnus,Sermones,Sermo 4 de Quadragesima,Sermo sancti Leónis Papæ,"Prædicatúrus vobis, dilectíssimi, sacratíssimum maximúmque jejúnium, quo áptius utar exórdio, quam ut verbis Apóstoli, in quo Christus loquebátur, incípiam, dicámque quod lectum es"
Tempora,Tempora/Quad1-0.txt,113,Dominica I in Quadragesima,Lectio7,Lectio7-9,3,Gregorius Magnus,Homiliae in Evangelia,Homilia 16 in Evangelia,Homilía sancti Gregórii Papæ,"Dubitári a quibúsdam solet, a quo spíritu sit Jesus ductus in desértum, propter hoc quod súbditur: Assúmpsit eum diábolus in sanctam civitátem: et rursum: Assúmpsit eum in montem e"
Tempora,Tempora/Quad1-1.txt,17,Feria Secunda infra Hebdomadam I in Quadragesima,Lectio1,Lectio1-3,3,Augustinus Hipponensis,"Lib. de fide et operibus. cap. 15 tom. 4, circa medium","Lib. de fide et operibus. cap. 15 tom. 4, circa medium",Homilía sancti Augustíni Epíscopi,"Si mandátis non servátis, ad vitam veníri potest per solam fidem, quæ sine opéribus mórtua est: illud deínde quómodo verum erit, quod eis, quos ad sinístram positúrus est, dicet: I"
Tempora,Tempora/Quad1-2.txt,17,Feria Tertia infra Hebdomadam I in Quadragesima,Lectio1,Lectio1-2,2,Beda Venerabilis,Homiliae,Homil. 7 in Quadrag. tom. 7,Homilía sancti Bedæ Venerábilis Presbýteri,"Quod maledicéndo ficum infructuósam per figúram fecit Dóminus, hoc idem mox apértius osténdit, eiciéndo ímprobos e templo. Neque enim áliquid peccávit arbor, quod esuriénte Dómino "
Tempora,Tempora/Quad1-3.txt,15,Feria Quarta Quattuor Temporum Quadragesimæ,Lectio1,Lectio1-3,3,Ambrosius Mediolanensis,Expositio evangelii secundum Lucam,Lib. 7 in Lucæ cap. 11,Homilía sancti Ambrósii Epíscopi,"Judæórum plebe damnáta, Ecclésiæ mystérium evidénter exprímitur, quæ in Ninivítis per pœniténtiam, et in regína Austri per stúdium percipiéndæ sapiéntiæ, de totíus orbis fínibus co"
Tempora,Tempora/Quad1-4.txt,17,Feria Quinta infra Hebdomadam I in Quadragesima,Lectio1,Lectio1-3,3,Hieronymus Stridonensis,Commentarii in Matthaeum,Liber 2 Comm. in cap. 15. Matthæi,Homilía sancti Hierónymi Presbýteri,"Scribis et pharisǽis calumniatóribus derelíctis, transgréditur in partes Tyri et Sidónis, ut Týrios Sidoniósque curáret. Múlier autem Chananǽa egréditur de fínibus prístinis, ut cl"
Tempora,Tempora/Quad1-5.txt,15,Feria Sexta Quattuor Temporum Quadragesimæ,Lectio1,Lectio1,1,Augustinus Hipponensis,Tractatus in Iohannis Evangelium,"Tractatus 17 in Joannem, post initium",Homilía sancti Augustíni Epíscopi,"Videámus quid volúerit significáre in illo uno, quem étiam ipse servans unitátis mystérium, de tot languéntibus unum sanáre dignátus est. Invénit in annis ejus númerum quemdam lang"
Tempora,Tempora/Quad1-6.txt,15,Sabbato Quattuor Temporum Quadragesimæ,Lectio1,Lectio1,1,Leo Magnus,Homilia de Transfiguratione Domini,Homilia de Transfiguratione Domini,Homilía sancti Leónis Papæ,"Evangélica lectio, dilectíssimi, quæ per aures córporis interiórem méntium nostrárum pulsávit audítum, ad magni sacraménti nos intellegéntiam vocat: quam, aspiránte grátia Dei, fac"
Tempora,Tempora/Quad2-0.txt,85,Dominica II in Quadragesima,Lectio4,Lectio4-6,3,Augustinus Hipponensis,"Cap. 10, tom. 4; post init.","Cap. 10, tom. 4; post init.",Ex libro sancti Augustíni Epíscopi contra mendacium,"Jacob quod matre fecit auctóre, ut patrem fállere viderétur, si diligénter et fidéliter attendátur, non est mendácium, sed mystérium. Quæ si mendácia dixérimus, omnes étiam parábol"
Tempora,Tempora/Quad2-0.txt,120,Dominica II in Quadragesima,Lectio7,Lectio7-9,3,Leo Magnus,Ex Homil. de Transfiguratione Domini,Ex Homil. de Transfiguratione Domini,De Homilía sancti Leónis Papæ,"Assúmpsit Jesus Petrum, et Jacóbum, et fratrem ejus Joánnem, et conscénso cum eis seórsum monte præcélso, claritátem suæ glóriæ demonstrávit: quia licet intellexíssent in eo majest"
Tempora,Tempora/Quad2-1.txt,17,Feria Secunda infra Hebdomadam II in Quadragesima,Lectio1,Lectio1-3,3,Augustinus Hipponensis,Tractatus in Iohannis Evangelium,Tract. 38 in Joann. post init.,Homilía sancti Augustíni Epíscopi,"Locútus est Dóminus Judǽis, dicens: Ego vado. Christo enim Dómino mors proféctio fuit illo, unde vénerat, et unde non discésserat. Ego, inquit, vado, et quærétis me, non desidério,"
Tempora,Tempora/Quad2-2.txt,17,Feria Tertia infra Hebdomadam II in Quadragesima,Lectio1,Lectio1-3,3,Hieronymus Stridonensis,Commentarii in Matthaeum,Lib. 4 Comment. in cap. 23 Matthæi,Homilía sancti Hierónymi Presbýteri,"Quid mansuétius, quid benígnius Dómino? Tentátur a pharisǽis, confringúntur insídiæ eórum, et secúndum Psalmístam: Sagíttæ parvulórum factæ sunt plagæ eórum: et nihilóminus propter"
Tempora,Tempora/Quad2-3.txt,17,Feria Quarta infra Hebdomadam II in Quadragesima,Lectio1,Lectio1-3,3,Ambrosius Mediolanensis,"Lib. 5 de Fide ad Gratianum, cap. 2, post initium","Lib. 5 de Fide ad Gratianum, cap. 2, post initium",Homilía sancti Ambrósii Epíscopi,"Consideráte, quæ mater filiórum Zebedǽi cum fíliis et pro fíliis petat: mater est útique, cui pro filiórum honóre sollícitæ, immoderátior quidem, sed tamen ignoscénda mensúra votór"
Tempora,Tempora/Quad2-4.txt,17,Feria Quinta infra Hebdomadam II in Quadragesima,Lectio1,Lectio1-2,2,Gregorius Magnus,Homiliae in Evangelia,Homilia 40 in Evangelia,Homilía sancti Gregórii Papæ,"Quem, fratres caríssimi, quem dives iste, qui induebátur púrpura et bysso, et epulabátur cotídie spléndide, nisi Judáicum pópulum signat: qui cultum vitæ extérius hábuit, qui accép"
Tempora,Tempora/Quad2-5.txt,17,Feria Sexta infra Hebdomadam II in Quadragesima,Lectio1,Lectio1,1,Ambrosius Mediolanensis,Expositio evangelii secundum Lucam,Lib. 9 in cap. 20 Lucæ,Homilía sancti Ambrósii Epíscopi,"Pleríque várias significatiónes de víneæ appellatióne derívant: sed evidénter Isaías víneam Dómini Sábaoth, domum Israël esse memorávit. Hanc víneam quis álius, nisi Deus, cóndidit"
Tempora,Tempora/Quad2-6.txt,17,Sabbato infra Hebdomadam II in Quadragesima,Lectio1,Lectio1,1,Ambrosius Mediolanensis,Expositio evangelii secundum Lucam,"Lib. 8 Comment. in cap. 15 Lucæ, post initium",Homilía sancti Ambrósii Epíscopi,"Vides, quod divínum patrimónium peténtibus datur. Nec putes culpam patris, quod adolescentióri dedit. Nulla Dei regno infírma ætas: nec fides gravátur annis. Ipse certe se judicávi"
Tempora,Tempora/Quad3-0.txt,88,Dominica III in Quadragesima,Lectio4,Lectio4-5,2,Ambrosius Mediolanensis,Cap. 1.,Cap. 1.,Ex libro sancti Ambrósii Epíscopi de sancto Joseph,"Sanctórum vita céteris norma vivéndi est. Ideóque digéstam plénius accépimus sériem Scripturárum; ut dum Abraham, Isaac, et Jacob, ceterósque justos legéndo cognóscimus, velut quem"
Tempora,Tempora/Quad3-0.txt,123,Dominica III in Quadragesima,Lectio7,Lectio7-8,2,Beda Venerabilis,Expositio in Lucam / homiliae de tempore,"Lib. 4, cap. 48, in cap. 11 Lucæ",Homilía sancti Bedæ Venerábilis Presbýteri,"Dæmoníacus iste apud Matthǽum non solum mutus, sed et cæcus fuísse narrátur: curatúsque dícitur a Dómino, ita ut loquerétur, et vidéret. Tria ergo signa simul in uno hómine perpetr"
Tempora,Tempora/Quad3-1.txt,17,Feria Secunda infra Hebdomadam III in Quadragesima,Lectio1,Lectio1-2,2,Ambrosius Mediolanensis,Expositio evangelii secundum Lucam,"Lib. 4 in c. 4 Lucæ, post med.",Homilía sancti Ambrósii Epíscopi,"Non medíocris invídia próditur, quæ cívicæ caritátis oblíta, in acérba ódia causas amóris infléctit. Simul hoc exémplo páriter et oráculo declarátur, quod frustra opem misericórdiæ"
Tempora,Tempora/Quad3-2.txt,17,Feria Tertia infra Hebdomadam III in Quadragesima,Lectio1,Lectio1-3,3,Augustinus Hipponensis,Sermones de verbis Domini,"Sermo 16 de Verbis Domini, tomus 10, post initium",Homilía sancti Augustíni Epíscopi,"Quare illum córripis? Quia tu doles, quod peccáverit in te? Absit. Si amóre tui id facis, nihil facis: si amóre illíus facis, óptime facis. Dénique in ipsis verbis atténde, cujus a"
Tempora,Tempora/Quad3-3.txt,17,Feria Quarta infra Hebdomadam III in Quadragesima,Lectio1,Lectio1-3,3,Hieronymus Stridonensis,Commentarii in Matthaeum,Lib. 2 Comment. in cap. 15 Matthæi,Homilía sancti Hierónymi Presbýteri,"Mira pharisæórum scribarúmque stultítia. Dei Fílium árguunt, quare hóminum traditiónes et præcépta non servet: Non enim lavant manus suas, cum panem mandúcant. Manus, id est ópera,"
Tempora,Tempora/Quad3-5.txt,17,Feria Sexta infra Hebdomadam III in Quadragesima,Lectio1,Lectio1-3,3,Augustinus Hipponensis,Tractatus in Iohannis Evangelium,"Tract. 15 in Joánnem, post init.",Homilía sancti Augustíni Epíscopi,"Jam incípiunt mystéria. Non enim frustra fatigátur Jesus: non enim frustra fatigátur virtus Dei: non enim frustra fatigátur, per quem fatigáti recreántur: non enim frustra fatigátu"
Tempora,Tempora/Quad3-6.txt,17,Sabbato infra Hebdomadam III in Quadragesima,Lectio1,Lectio1-2,2,Augustinus Hipponensis,Tractatus in Iohannis Evangelium,"Tract. 33 in Joannem, post init.",Homilía sancti Augustíni Epíscopi,"Jesus perréxit in montem Olivéti, in montem fructuósum, in montem unguénti, in montem chrísmatis. Ubi enim decébat docére Christum, nisi in monte Olivéti? Christi enim nomen a chrí"
Tempora,Tempora/Quad4-0.txt,71,Dominica IV in Quadragesima,Lectio4,Lectio4-6,3,Basilius Magnus,Sermones,"Homilia 1 de jejúnio, ante med.",Sermo sancti Basilíi Magni,"Móysen per jejúnium nóvimus in montem ascendísse: neque enim áliter ausus esset vérticem fumántem adíre, atque in calíginem íngredi, nisi jejúnio munítus. Per jejúnium mandáta dígi"
Tempora,Tempora/Quad4-0.txt,106,Dominica IV in Quadragesima,Lectio7,Lectio7-9,3,Augustinus Hipponensis,Tractatus in Iohannis Evangelium,Tract. 24 in Joannem,Homilía sancti Augustíni Epíscopi,"Mirácula, quæ fecit Dóminus noster Jesus Christus, sunt quidem divína ópera, et ad intellegéndum Deum de visibílibus ádmonent humánam mentem. Quia enim ille non est talis substánti"
Tempora,Tempora/Quad4-1.txt,17,Feria Secunda infra Hebdomadam IV in Quadragesima,Lectio1,Lectio1-2,2,Augustinus Hipponensis,Tractatus in Iohannis Evangelium,"Tract. 10 in Joannem, post init.",Homilía sancti Augustíni Epíscopi,"Quid audívimus, fratres? Ecce templum illud figúra adhuc erat, et ejécit inde Dóminus omnes qui sua quærébant, qui ad núndinas vénerant. Et quæ ibi vendébant illi? Quæ opus habéban"
Tempora,Tempora/Quad4-2.txt,17,Feria Tertia infra Hebdomadam IV in Quadragesima,Lectio1,Lectio1-3,3,Augustinus Hipponensis,Tractatus in Iohannis Evangelium,"Tract. 29 in Joannem, sub init.",Homilía sancti Augustíni Epíscopi,"Ille qui latébat, docébat, et palam loquebátur, et non tenebátur. Illud enim ut latéret, erat causa exémpli, hoc potestátis. Sed cum docéret, mirabántur Judǽi. Omnes quidem, quantu"
Tempora,Tempora/Quad4-2t.txt,17,Feria Tertia infra Hebdomadam IV in Quadragesima,Lectio1,Lectio1-3,3,Augustinus Hipponensis,Tractatus in Iohannis Evangelium,"Tract. 29 in Joánnem, sub init.",Homilía sancti Augustíni Epíscopi.,"Ille qui latebat, docebat, et palam loquebátur, et non tenebátur. Illud enim ut latéret, erat causa exempli, hoc potestátis. Sed cum docéret, mirabántur Judæi. Omnes quidem, quantu"
Tempora,Tempora/Quad4-3.txt,17,Feria Quarta infra Hebdomadam IV in Quadragesima,Lectio1,Lectio1-3,3,Augustinus Hipponensis,Tractatus in Iohannis Evangelium,"Tract. 44 in Joannem, circa initium",Homilía sancti Augustíni Epíscopi,"Ea quæ fecit Dóminus noster Jesus Christus, stupénda atque miránda, et ópera, et verba sunt: ópera, quia facta sunt: verba, quia signa sunt. Si ergo quid signíficet hoc quod factum"
Tempora,Tempora/Quad4-4.txt,17,Feria Quinta infra Hebdomadam IV in Quadragesima,Lectio1,Lectio1-3,3,Ambrosius Mediolanensis,Expositio evangelii secundum Lucam,"Lib. 5 Comment. in Lucæ cap. 7, post initium",Homilía sancti Ambrósii Epíscopi,"Et hic locus ad utrámque redúndat grátiam; et ut cito flecti divínam misericórdiam matris víduæ lamentatióne credámus, ejus præcípue, quæ únici fílii vel labóre, vel morte frangátu"
Tempora,Tempora/Quad4-5.txt,17,Feria Sexta infra Hebdomadam IV in Quadragesima,Lectio1,Lectio1-3,3,Augustinus Hipponensis,Tractatus in Iohannis Evangelium,"Tract. 49 in Joannem, post init.",Homilía sancti Augustíni Epíscopi,"In superióri lectióne meminístis, quod Dóminus éxiit de mánibus eórum, qui lapidáre illum volúerant, et discéssit trans Jordánem, ubi Joánnes baptizábat. Ibi ergo Dómino constitúto"
Tempora,Tempora/Quad4-6.txt,17,Sabbato infra Hebdomadam IV in Quadragesima,Lectio1,Lectio1-2,2,Augustinus Hipponensis,Tractatus in Iohannis Evangelium,"Tract. 34 in Joannem, post init.",Homilía sancti Augustíni Epíscopi,"Quod ait Dóminus: Ego sum lux mundi: clarum puto esse eis, qui habent óculos, unde hujus lucis partícipes fiant: qui autem non habent óculos, nisi in sola carne, mirántur quod dict"
Tempora,Tempora/Quad5-0.txt,74,Dominica de Passione,Lectio4,Lectio4-6,3,Leo Magnus,Sermones,Sermo 9 de Quadragesima,Sermo sancti Leónis Papæ,"In ómnibus, dilectíssimi, solemnitátibus christiánis non ignorámus paschále sacraméntum esse præcípuum: cui condígne et cóngrue suscipiéndo, totíus quidem nos témporis institúta re"
Tempora,Tempora/Quad5-0.txt,109,Dominica de Passione,Lectio7,Lectio7-9,3,Gregorius Magnus,Homiliae in Evangelia,Homilia 18 in Evangelia,Homilía sancti Gregórii Papæ,"Pensáte, fratres caríssimi, mansuetúdinem Dei. Relaxáre peccáta vénerat, et dicébat: Quis ex vobis árguet me de peccáto? Non dedignátur ex ratióne osténdere se peccatórem non esse,"
Tempora,Tempora/Quad5-1.txt,17,Feria Secunda infra Hebdomadam Passionis,Lectio1,Lectio1-3,3,Augustinus Hipponensis,Tractatus in Iohannis Evangelium,"Tract. 31 in Joannem, circa medium",Homilía sancti Augustíni Epíscopi,"Quómodo apprehénderent adhuc noléntem? Quia ergo non póterant apprehéndere noléntem, missi sunt, ut audírent docéntem. Quid docéntem? Dicit ergo Jesus: Adhuc módicum tempus vobíscu"
Tempora,Tempora/Quad5-2.txt,17,Feria Tertia infra Hebdomadam Passionis,Lectio1,Lectio1-3,3,Augustinus Hipponensis,Tractatus in Iohannis Evangelium,Tractatus 28 in Joannem,Homilía sancti Augustíni Epíscopi,"In isto Evangélii capítulo, fratres, Dóminus noster Jesus Christus secúndum hóminem se plúrimum commendávit fídei nostræ. Etenim semper hoc egit dictis et factis suis, ut Deus cred"
Tempora,Tempora/Quad5-3.txt,17,Feria Quarta infra Hebdomadam Passionis,Lectio1,Lectio1-3,3,Augustinus Hipponensis,Tractatus in Iohannis Evangelium,"Tractatus 48 in Joannem, circa init.",Homilía sancti Augustíni Epíscopi,"Encǽnia festívitas erat dedicatiónis templi. Græce enim cænon dícitur novum. Quandocúmque novum áliquid fúerit dedicátum, encǽnia vocántur. Jam et usus habet hoc verbum. Si quis no"
Tempora,Tempora/Quad5-4.txt,17,Feria Quinta infra Hebdomadam Passionis,Lectio1,Lectio1-3,3,Gregorius Magnus,Homiliae in Evangelia,Homilia 33 in Evangelia,Homilía sancti Gregórii Papæ,"Cogitánti mihi de Maríæ Magdalénæ pœniténtia, flere magis libet, quam áliquid dícere. Cujus enim vel sáxeum pectus illæ hujus peccatrícis lácrimæ ad exémplum pœniténdi non emóllian"
Tempora,Tempora/Quad5-5.txt,184,Septem Dolorum Beatæ Mariæ Virginis,Lectio4,Lectio4,1,Bernardus Claraevallensis,Sermones,Sermo de duodecim stellis,Sermo sancti Bernárdi Abbátis,"Martýrium Vírginis tam in Simeónis prophetía, quam in ipsa Domínicæ passiónis história commendátur. Pósitus est hic (ait sanctus senex de púero Jesu) in signum cui contradicétur; e"
Tempora,Tempora/Quad5-5.txt,219,Septem Dolorum Beatæ Mariæ Virginis,Lectio7,Lectio7,1,Augustinus Hipponensis,Tractatus in Iohannis Evangelium,Tract. 119 in Joánnem.,Homilía sancti Augustíni Epíscopi.,"Hæc nimírum est illa hora, de qua Jesus, aquam conversúrus in vinum, díxerat Matri: Quid mihi et tibi est múlier? nondum venit hora mea. Hanc ítaque horam prædíxerat, quæ tunc nond"
Tempora,Tempora/Quad5-5.txt,240,Septem Dolorum Beatæ Mariæ Virginis,Lectio9,Lectio9,1,Unklarer Autor,de Homilía Feriæ.,de Homilía Feriæ.,,
Tempora,Tempora/Quad5-5Feria.txt,17,Feria Sexta infra Hebdomadam Passionis,Lectio1,Lectio1-3,3,Augustinus Hipponensis,Tractatus in Iohannis Evangelium,"Tract. 49 in Joannem, sub finem",Homilía sancti Augustíni Epíscopi,"Pontífices et pharisǽi sibi consulébant: nec tamen dicébant: Credámus. Plus enim pérditi hómines cogitábant, quómodo nocérent, ut pérderent, quam quómodo sibi consúlerent, ne perír"
Tempora,Tempora/Quad5-6.txt,17,Sabbato infra Hebdomadam Passionis,Lectio1,Lectio1-3,3,Augustinus Hipponensis,Tractatus in Iohannis Evangelium,"Tractatus 50 in Joannem, in fine",Homilía sancti Augustíni Epíscopi,"Viso Lázaro resuscitáto, quia tantum miráculum Dómini tanta erat evidéntia diffamátum, tanta manifestatióne declarátum, ut non possent vel occultáre quod factum est, vel negáre: qu"
Tempora,Tempora/Quad6-0.txt,68,Dominica in Palmis,Lectio4,Lectio4-6,3,Leo Magnus,Sermones,Sermo 11 de Passióne Dómini,Sermo sancti Leónis Papæ,"Desideráta nobis, dilectíssimi, et univérso optábilis mundo adest festívitas Domínicæ passiónis, quæ nos inter exsultatiónes spirituálium gaudiórum silére non pátitur. Quia etsi di"
Tempora,Tempora/Quad6-0.txt,103,Dominica in Palmis,Lectio7,Lectio7-9,3,Ambrosius Mediolanensis,Expositio evangelii secundum Lucam,Liber 9 in Lucam,Homilía sancti Ambrósii Epíscopi,"Pulchre relíctis Judǽis, habitatúrus in afféctibus géntium, templum Dóminus ascéndit. Hoc enim templum est verum, in quo non in líttera, sed in spíritu Dóminus adorátur. Hoc Dei te"
Tempora,Tempora/Quad6-1.txt,23,Feria Secunda Majoris Hebdomadæ,Lectio1,Lectio1-3,3,Augustinus Hipponensis,Tractatus in Iohannis Evangelium,"Tractus 50 in Joann., post initium",Homilía sancti Augustíni Epíscopi,"Ne putárent hómines phantásma esse factum, quia mórtuus resurréxit, Lázarus unus erat ex recumbéntibus: vivébat, loquebátur, epulabátur, véritas ostendebátur, infidélitas Judæórum "
Tempora,Tempora/Quad6-4.txt,116,Feria Quinta in Cena Domini,Lectio4,Lectio4-6,3,Augustinus Hipponensis,Enarrationes in Psalmos,In Psalmum 54 ad 1 versum,Ex tractátu sancti Augustíni Epíscopi super Psalmos,"Exáudi, Deus, oratiónem meam, et ne despéxeris deprecatiónem meam: inténde mihi, et exáudi me. Satagéntis, sollíciti, in tribulatióne pósiti, verba sunt ista. Orat multa pátiens, d"
Tempora,Tempora/Quad6-5.txt,109,Feria Sexta in Parasceve,Lectio4,Lectio4,1,Augustinus Hipponensis,Enarrationes in Psalmos,In Psalm 63 ad versum 2,Ex tractátu sancti Augustíni Epíscopi super Psalmos,"Protexísti me, Deus, a convéntu malignántium, a multitúdine operántium iniquitátem. Jam ipsum caput nostrum intueámur. Multi Mártyres tália passi sunt, sed nihil sic elúcet, quómod"
Tempora,Tempora/Quad6-6.txt,105,Sabbato Sancto,Lectio4,Lectio4-6,3,Augustinus Hipponensis,Enarrationes in Psalmos,In Psalmum 63 versum 7,Ex Tractátu sancti Augustíni Epíscopi super Psalmos,"Accédet homo ad cor altum, et exaltábitur Deus. Illi dixérunt: Quis nos vidébit? Defecérunt scrutántes scrutatiónes, consília mala. Accéssit homo ad ipsa consília, passus est se te"
Tempora,Tempora/Quadp1-0.txt,86,Dominica in Septuagesima,Lectio4,Lectio4-6,3,Augustinus Hipponensis,"Cap 25, 26 et 27 tomi 3","Cap 25, 26 et 27 tomi 3",Ex libro Enchirídii sancti Augustíni Epíscopi,"Mortis supplícium Dóminus hómini comminátus fúerat, si peccáret: sic eum múnerans líbero arbítrio, ut tamen régeret império, terréret exítio: atque in paradísi felicitáte, tamquam "
Tempora,Tempora/Quadp1-0.txt,121,Dominica in Septuagesima,Lectio7,Lectio7,1,Gregorius Magnus,Homiliae in Evangelia,Homil. 19 in Evangelium post princ.,Homilía sancti Gregórii Papæ,"Regnum cælórum hómini patrifamílias símile dícitur, qui ad excoléndam víneam suam operários condúcit. Quis vero patrisfamílias similitúdinem réctius tenet, quam Cónditor noster, qu"
Tempora,Tempora/Quadp2-0.txt,76,Dominica in Sexagesima,Lectio4,Lectio4-6,3,Ambrosius Mediolanensis,Cap. 4. circa med.,Cap. 4. circa med.,Ex libro sancti Ambrósii Epíscopi de Noë et arca,"Habes, quia irátus Dóminus est: quóniam quamvis cogitáret, hoc est sciret, quia homo pósitus in terræ regióne, carnem portans, sine peccáto esse non possit, (terra enim velut quida"
Tempora,Tempora/Quadp2-0.txt,111,Dominica in Sexagesima,Lectio7,Lectio7-8,2,Gregorius Magnus,Homiliae in Evangelia,Homilia 15 in Evangelia,Homilía sancti Gregórii Papæ,"Léctio sancti Evangélii, quam modo, fratres caríssimi, audístis, expositióne non índiget, sed admonitióne. Quam enim per semetípsam Véritas expósuit, hanc discútere humána fragílit"
Tempora,Tempora/Quadp3-0.txt,79,Dominica in Quinquagesima,Lectio4,Lectio4-6,3,Ambrosius Mediolanensis,"Liber 1, cap 2","Liber 1, cap 2",Ex libro sancti Ambrósii Epíscopi de Abraham Patriárcha,"Magnus plane vir Abraham, et multárum virtútum clarus insígnibus, quem votis suis philosophía non pótuit æquare. Dénique minus est quod illa finxit, quam quod iste gessit: majórque"
Tempora,Tempora/Quadp3-0.txt,114,Dominica in Quinquagesima,Lectio7,Lectio7-9,3,Gregorius Magnus,Homiliae in Evangelia,Homilia 2 in Evangelia,Homilía sancti Gregórii Papæ,"Redémptor noster, prǽvidens ex passióne sua discipulórum ánimos perturbándos, eis longe ante et ejúsdem passiónis pœnam, et resurrectiónis suæ glóriam prædíxit: ut cum eum moriénte"
Tempora,Tempora/Quadp3-3.txt,19,Feria IV Cinerum,Lectio1,Lectio1-3,3,Augustinus Hipponensis,Sermones,"Lib. 2 de Serm. Domini in monte, cap. 12 tom. 4",Homilía sancti Augustíni Epíscopi,"Maniféstum est, his præcéptis omnem nostram intentiónem in interióra gáudia dírigi: ne foris quæréntes mercédem, huic sǽculo conformémur, et amittámus promissiónem tanto solidióris"
Tempora,Tempora/Quadp3-4.txt,20,Feria V post Cineres,Lectio1,Lectio1-2,2,Augustinus Hipponensis,"Lib. 2 de Consensu Evangelist. cap. 20, tom. 4","Lib. 2 de Consensu Evangelist. cap. 20, tom. 4",Homilía sancti Augustíni Epíscopi,"Videámus, utrum sibi de hoc servo centuriónis Matthǽus Lucásque conséntiant. Matthǽus enim dicit: Accéssit ad eum centúrio, rogans eum, et dicens: Puer meus jacet in domo paralýtic"
Tempora,Tempora/Quadp3-5.txt,20,Feria VI post Cineres,Lectio1,Lectio1-3,3,Hieronymus Stridonensis,Commentarii in Matthaeum,Lib. 1 Comm. in cap. 5 et 6 Matth.,Homilía sancti Hierónymi Presbýteri,"Ego autem dico vobis: Dilígite inimícos vestros; benefácite his qui odérunt vos. Multi præcépta Dei, imbecillitáte sua, non Sanctórum víribus æstimántes, putant esse impossibília q"
Tempora,Tempora/Quadp3-6.txt,20,Sabbato post Cineres,Lectio1,Lectio1-3,3,Beda Venerabilis,"Lib. 2, cap. 28 in cap. 6 Marci, tom. 4","Lib. 2, cap. 28 in cap. 6 Marci, tom. 4",Homilía sancti venerábilis Bedæ Presbýteri,"Labor discipulórum in remigándo, et contrárius eis ventus, labóres sanctæ Ecclésiæ varios desígnat: quæ inter undas sǽculi adversántis, et immundórum flatus spirítuum, ad quiétem p"
